,Status,TraceID,ID,Name,Type,Time,Latency,TotalTokens,PromptTokens,CompletionTokens,TotalCost,PromptCost,CompletionCost,Input,Output
0,❗,705727c0-9c13-4fee-9dcc-0c01a025367e,705727c0-9c13-4fee-9dcc-0c01a025367e,ChatCohere,llm,11:03:40 10 07 2024,0.48s,37,37,0,,,,"{'messages': [{'lc': 1, 'type': 'constructor', 'id': ['langchain', 'schema', 'messages', 'HumanMessage'], 'kwargs': {'content': '\n    Rephrase the query to make it more precise and actionable\n   \n    who are you\n \n    Output the reframed query in the following format:\n    Question:\n    ', 'type': 'human'}}]}",
1,❗,36160c33-a915-49ab-8156-ff0c427e4caa,36160c33-a915-49ab-8156-ff0c427e4caa,ChatCohere,llm,11:02:54 10 07 2024,0.55s,37,37,0,,,,"{'messages': [{'lc': 1, 'type': 'constructor', 'id': ['langchain', 'schema', 'messages', 'HumanMessage'], 'kwargs': {'content': '\n    Rephrase the query to make it more precise and actionable\n   \n    who are you\n \n    Output the reframed query in the following format:\n    Question:\n    ', 'type': 'human'}}]}",
2,❗,bd03155c-eb7d-4d44-8b93-4a91ed684362,bd03155c-eb7d-4d44-8b93-4a91ed684362,ChatCohere,llm,11:01:48 10 07 2024,0.53s,37,37,0,,,,"{'messages': [{'lc': 1, 'type': 'constructor', 'id': ['langchain', 'schema', 'messages', 'HumanMessage'], 'kwargs': {'content': '\n    Rephrase the query to make it more precise and actionable\n   \n    who are you\n \n    Output the reframed query in the following format:\n    Question:\n    ', 'type': 'human'}}]}",
3,❗,8b307365-eb89-449a-8d47-0324de97e443,8b307365-eb89-449a-8d47-0324de97e443,ChatCohere,llm,11:01:20 10 07 2024,0.5s,37,37,0,,,,"{'messages': [{'lc': 1, 'type': 'constructor', 'id': ['langchain', 'schema', 'messages', 'HumanMessage'], 'kwargs': {'content': '\n    Rephrase the query to make it more precise and actionable\n   \n    who are you\n \n    Output the reframed query in the following format:\n    Question:\n    ', 'type': 'human'}}]}",
4,❗,1c05e41a-1732-4eb6-a18c-e7d0c6d7ddbc,1c05e41a-1732-4eb6-a18c-e7d0c6d7ddbc,ChatCohere,llm,11:00:22 10 07 2024,0.88s,37,37,0,,,,"{'messages': [{'lc': 1, 'type': 'constructor', 'id': ['langchain', 'schema', 'messages', 'HumanMessage'], 'kwargs': {'content': '\n    Rephrase the query to make it more precise and actionable\n   \n    who are you\n \n    Output the reframed query in the following format:\n    Question:\n    ', 'type': 'human'}}]}",
5,❗,dfd36bb9-d2df-4000-a3c4-7322dabd57df,dfd36bb9-d2df-4000-a3c4-7322dabd57df,ChatCohere,llm,15:26:22 05 07 2024,0.35s,45,45,0,,,,"{'messages': [{'lc': 1, 'type': 'constructor', 'id': ['langchain', 'schema', 'messages', 'HumanMessage'], 'kwargs': {'content': '\n    Rephrase the query to make it more precise and actionable\n   \n    What is best AMD EPYC for low latency applications?\n \n    Output the reframed query in the following format:\n    Question:\n    ', 'type': 'human'}}]}",
6,❗,115a2389-91c7-4d46-9117-2df5f62f60b2,115a2389-91c7-4d46-9117-2df5f62f60b2,ChatCohere,llm,15:25:56 05 07 2024,0.47s,45,45,0,,,,"{'messages': [{'lc': 1, 'type': 'constructor', 'id': ['langchain', 'schema', 'messages', 'HumanMessage'], 'kwargs': {'content': '\n    Rephrase the query to make it more precise and actionable\n   \n    What is best AMD EPYC for low latency applications?\n \n    Output the reframed query in the following format:\n    Question:\n    ', 'type': 'human'}}]}",
7,❗,e452d9ee-4428-4492-8409-0f9d81439030,e452d9ee-4428-4492-8409-0f9d81439030,ChatCohere,llm,15:25:44 05 07 2024,1.61s,37,37,0,,,,"{'messages': [{'lc': 1, 'type': 'constructor', 'id': ['langchain', 'schema', 'messages', 'HumanMessage'], 'kwargs': {'content': '\n    Rephrase the query to make it more precise and actionable\n   \n    who are you\n \n    Output the reframed query in the following format:\n    Question:\n    ', 'type': 'human'}}]}",
8,❗,dbff6e61-ae01-41fc-9e50-417960d6e78e,dbff6e61-ae01-41fc-9e50-417960d6e78e,RunnableSequence,chain,13:15:35 05 07 2024,3.66s,26601,26601,0,,,,{'input': 'Question: What are the best practices for managing user access and permissions in ServiceNow?'},
9,❗,9d3ae830-f92d-433b-b156-4e734b1d885a,9d3ae830-f92d-433b-b156-4e734b1d885a,RunnableSequence,chain,13:15:35 05 07 2024,3.64s,165,165,0,0.00165,0.00165,0.0,{'input': 'How do you manage user access and permissions in ServiceNow'},
10,✅,922f9461-b6e9-4613-84be-86a03fd2ead6,922f9461-b6e9-4613-84be-86a03fd2ead6,ChatCohere,llm,13:15:34 05 07 2024,0.8s,62,45,17,,,,"{'messages': [{'lc': 1, 'type': 'constructor', 'id': ['langchain', 'schema', 'messages', 'HumanMessage'], 'kwargs': {'content': '\n    Rephrase the query to make it more precise and actionable\n   \n    How do you manage user access and permissions in ServiceNow\n \n    Output the reframed query in the following format:\n    Question:\n    ', 'type': 'human'}}]}","{'llm_output': None, 'run': None, 'generations': [{'text': 'Question: What are the best practices for managing user access and permissions in ServiceNow?', 'generation_info': {'documents': None, 'citations': None, 'search_results': None, 'search_queries': None, 'is_search_required': None, 'generation_id': '43416d04-be36-437d-9e54-7fa6c0a6c1bb', 'token_count': {'input_tokens': 103.0, 'output_tokens': 17.0}}, 'type': 'ChatGeneration', 'message': {'lc': 1, 'type': 'constructor', 'id': ['langchain', 'schema', 'messages', 'AIMessage'], 'kwargs': {'content': 'Question: What are the best practices for managing user access and permissions in ServiceNow?', 'additional_kwargs': {'documents': None, 'citations': None, 'search_results': None, 'search_queries': None, 'is_search_required': None, 'generation_id': '43416d04-be36-437d-9e54-7fa6c0a6c1bb', 'token_count': {'input_tokens': 103.0, 'output_tokens': 17.0}}, 'response_metadata': {'documents': None, 'citations': None, 'search_results': None, 'search_queries': None, 'is_search_required': None, 'generation_id': '43416d04-be36-437d-9e54-7fa6c0a6c1bb', 'token_count': {'input_tokens': 103.0, 'output_tokens': 17.0}}, 'type': 'ai', 'id': 'run-922f9461-b6e9-4613-84be-86a03fd2ead6-0', 'tool_calls': [], 'invalid_tool_calls': []}}}]}"
11,✅,6d4399a9-131a-4ce5-8e22-32b8ad17c31e,6d4399a9-131a-4ce5-8e22-32b8ad17c31e,RunnableSequence,chain,13:13:53 05 07 2024,8.71s,26611,26606,5,,,,{'input': 'Question: What are the key features and performance metrics of the AMD Instinct™ MI300 Series Accelerators?'},"{'output': ""I don't know.""}"
12,✅,02c6fdc1-40b7-4132-93c1-3899d6454baf,02c6fdc1-40b7-4132-93c1-3899d6454baf,ChatCohere,llm,13:13:50 05 07 2024,1.06s,68,46,22,,,,"{'messages': [{'lc': 1, 'type': 'constructor', 'id': ['langchain', 'schema', 'messages', 'HumanMessage'], 'kwargs': {'content': '\n    Rephrase the query to make it more precise and actionable\n   \n    Tell me about AMD Instinct™ MI300 Series Accelerators\n \n    Output the reframed query in the following format:\n    Question:\n    ', 'type': 'human'}}]}","{'llm_output': None, 'run': None, 'generations': [{'text': 'Question: What are the key features and performance metrics of the AMD Instinct™ MI300 Series Accelerators?', 'generation_info': {'documents': None, 'citations': None, 'search_results': None, 'search_queries': None, 'is_search_required': None, 'generation_id': '38c522ec-e36f-4583-a1c4-3a2b3d965610', 'token_count': {'input_tokens': 105.0, 'output_tokens': 23.0}}, 'type': 'ChatGeneration', 'message': {'lc': 1, 'type': 'constructor', 'id': ['langchain', 'schema', 'messages', 'AIMessage'], 'kwargs': {'content': 'Question: What are the key features and performance metrics of the AMD Instinct™ MI300 Series Accelerators?', 'additional_kwargs': {'documents': None, 'citations': None, 'search_results': None, 'search_queries': None, 'is_search_required': None, 'generation_id': '38c522ec-e36f-4583-a1c4-3a2b3d965610', 'token_count': {'input_tokens': 105.0, 'output_tokens': 23.0}}, 'response_metadata': {'documents': None, 'citations': None, 'search_results': None, 'search_queries': None, 'is_search_required': None, 'generation_id': '38c522ec-e36f-4583-a1c4-3a2b3d965610', 'token_count': {'input_tokens': 105.0, 'output_tokens': 23.0}}, 'type': 'ai', 'id': 'run-02c6fdc1-40b7-4132-93c1-3899d6454baf-0', 'tool_calls': [], 'invalid_tool_calls': []}}}]}"
13,✅,9908a6a3-6ee4-4176-a631-e521cc41923e,9908a6a3-6ee4-4176-a631-e521cc41923e,RunnableSequence,chain,12:49:14 05 07 2024,,0,0,0,,,,{'input': ''},
14,❗,efabd1d2-f379-4d1c-9897-c2a48401b479,efabd1d2-f379-4d1c-9897-c2a48401b479,RunnableSequence,chain,12:49:12 05 07 2024,3.52s,162,162,0,0.00162,0.00162,0.0,{'input': 'Which all projects are assigned to EmployeeName'},
15,✅,0ac491cc-c479-4286-a7d7-54be83cfbe7c,0ac491cc-c479-4286-a7d7-54be83cfbe7c,ChatCohere,llm,12:49:11 05 07 2024,1.0s,67,42,25,,,,"{'messages': [{'lc': 1, 'type': 'constructor', 'id': ['langchain', 'schema', 'messages', 'HumanMessage'], 'kwargs': {'content': '\n    Rephrase the query to make it more precise and actionable\n   \n    Which all projects are assigned to EmployeeName\n \n    Output the reframed query in the following format:\n    Question:\n    ', 'type': 'human'}}]}","{'llm_output': None, 'run': None, 'generations': [{'text': 'Question: Which projects has EmployeeName been assigned to as of today? Please provide a list of these project names or IDs.', 'generation_info': {'documents': None, 'citations': None, 'search_results': None, 'search_queries': None, 'is_search_required': None, 'generation_id': '3c2b4b4a-32aa-4137-8610-72bddda1d819', 'token_count': {'input_tokens': 100.0, 'output_tokens': 25.0}}, 'type': 'ChatGeneration', 'message': {'lc': 1, 'type': 'constructor', 'id': ['langchain', 'schema', 'messages', 'AIMessage'], 'kwargs': {'content': 'Question: Which projects has EmployeeName been assigned to as of today? Please provide a list of these project names or IDs.', 'additional_kwargs': {'documents': None, 'citations': None, 'search_results': None, 'search_queries': None, 'is_search_required': None, 'generation_id': '3c2b4b4a-32aa-4137-8610-72bddda1d819', 'token_count': {'input_tokens': 100.0, 'output_tokens': 25.0}}, 'response_metadata': {'documents': None, 'citations': None, 'search_results': None, 'search_queries': None, 'is_search_required': None, 'generation_id': '3c2b4b4a-32aa-4137-8610-72bddda1d819', 'token_count': {'input_tokens': 100.0, 'output_tokens': 25.0}}, 'type': 'ai', 'id': 'run-0ac491cc-c479-4286-a7d7-54be83cfbe7c-0', 'tool_calls': [], 'invalid_tool_calls': []}}}]}"
16,✅,e4651118-7208-4eef-a14c-8268802a9e08,e4651118-7208-4eef-a14c-8268802a9e08,RunnableSequence,chain,12:47:33 05 07 2024,7.68s,26640,26626,14,,,,"{'input': 'Question: Can you provide me with an overview of the current stance and standing of employees regarding a specific issue within the organization? Please detail the query further, specifying the nature of the issue and any relevant context.'}","{'output': ""I'm sorry, but I don't know the answer to that.""}"
17,✅,65dfceea-7a74-4bc1-b6be-2d712f667f82,65dfceea-7a74-4bc1-b6be-2d712f667f82,ChatCohere,llm,12:47:30 05 07 2024,1.31s,85,43,42,,,,"{'messages': [{'lc': 1, 'type': 'constructor', 'id': ['langchain', 'schema', 'messages', 'HumanMessage'], 'kwargs': {'content': ""\n    Rephrase the query to make it more precise and actionable\n   \n    Tell me about Employee's status on particular issue \n \n    Output the reframed query in the following format:\n    Question:\n    "", 'type': 'human'}}]}","{'llm_output': None, 'run': None, 'generations': [{'text': 'Question: Can you provide me with an overview of the current stance and standing of employees regarding a specific issue within the organization? Please detail the query further, specifying the nature of the issue and any relevant context.', 'generation_info': {'documents': None, 'citations': None, 'search_results': None, 'search_queries': None, 'is_search_required': None, 'generation_id': 'c4445eb6-a8a8-4136-ad9b-c8d578804a0a', 'token_count': {'input_tokens': 102.0, 'output_tokens': 42.0}}, 'type': 'ChatGeneration', 'message': {'lc': 1, 'type': 'constructor', 'id': ['langchain', 'schema', 'messages', 'AIMessage'], 'kwargs': {'content': 'Question: Can you provide me with an overview of the current stance and standing of employees regarding a specific issue within the organization? Please detail the query further, specifying the nature of the issue and any relevant context.', 'additional_kwargs': {'documents': None, 'citations': None, 'search_results': None, 'search_queries': None, 'is_search_required': None, 'generation_id': 'c4445eb6-a8a8-4136-ad9b-c8d578804a0a', 'token_count': {'input_tokens': 102.0, 'output_tokens': 42.0}}, 'response_metadata': {'documents': None, 'citations': None, 'search_results': None, 'search_queries': None, 'is_search_required': None, 'generation_id': 'c4445eb6-a8a8-4136-ad9b-c8d578804a0a', 'token_count': {'input_tokens': 102.0, 'output_tokens': 42.0}}, 'type': 'ai', 'id': 'run-65dfceea-7a74-4bc1-b6be-2d712f667f82-0', 'tool_calls': [], 'invalid_tool_calls': []}}}]}"
18,✅,91b8f7a6-ff36-4759-8f57-822fb8bac9fd,91b8f7a6-ff36-4759-8f57-822fb8bac9fd,ChatCohere,llm,11:21:37 05 07 2024,2.43s,71,47,24,,,,"{'messages': [{'lc': 1, 'type': 'constructor', 'id': ['langchain', 'schema', 'messages', 'HumanMessage'], 'kwargs': {'content': '\n    Rephrase the query to make it more precise and actionable\n   \n    What are the best features of latest 4th Gen EPYC\n \n    Output the reframed query in the following format:\n    Question:\n    ', 'type': 'human'}}]}","{'llm_output': None, 'run': None, 'generations': [{'text': 'Question: What are the key improvements and standout features of the 4th Generation EPYC processors compared to their predecessors?', 'generation_info': {'documents': None, 'citations': None, 'search_results': None, 'search_queries': None, 'is_search_required': None, 'generation_id': 'e65ede03-39f7-49ea-9bd9-2a494eedf2d7', 'token_count': {'input_tokens': 105, 'output_tokens': 24}}, 'type': 'ChatGeneration', 'message': {'lc': 1, 'type': 'constructor', 'id': ['langchain', 'schema', 'messages', 'AIMessage'], 'kwargs': {'content': 'Question: What are the key improvements and standout features of the 4th Generation EPYC processors compared to their predecessors?', 'additional_kwargs': {'documents': None, 'citations': None, 'search_results': None, 'search_queries': None, 'is_search_required': None, 'generation_id': 'e65ede03-39f7-49ea-9bd9-2a494eedf2d7', 'token_count': {'input_tokens': 105, 'output_tokens': 24}}, 'response_metadata': {'documents': None, 'citations': None, 'search_results': None, 'search_queries': None, 'is_search_required': None, 'generation_id': 'e65ede03-39f7-49ea-9bd9-2a494eedf2d7', 'token_count': {'input_tokens': 105, 'output_tokens': 24}}, 'type': 'ai', 'id': 'run-91b8f7a6-ff36-4759-8f57-822fb8bac9fd-0', 'tool_calls': [], 'invalid_tool_calls': []}}}]}"
19,✅,7493d5e1-d042-4648-84e4-dc3909f356ec,7493d5e1-d042-4648-84e4-dc3909f356ec,ChatCohere,llm,11:21:37 05 07 2024,2.45s,71,47,24,,,,"{'messages': [{'lc': 1, 'type': 'constructor', 'id': ['langchain', 'schema', 'messages', 'HumanMessage'], 'kwargs': {'content': '\n    Rephrase the query to make it more precise and actionable\n   \n    What are the best features of latest 4th Gen EPYC\n \n    Output the reframed query in the following format:\n    Question:\n    ', 'type': 'human'}}]}","{'llm_output': None, 'run': None, 'generations': [{'text': 'Question: What are the key improvements and standout features of the 4th Generation EPYC processors compared to their predecessors?', 'generation_info': {'documents': None, 'citations': None, 'search_results': None, 'search_queries': None, 'is_search_required': None, 'generation_id': '86c1527d-c683-4953-b2c7-a6779b2c9f09', 'token_count': {'input_tokens': 105, 'output_tokens': 24}}, 'type': 'ChatGeneration', 'message': {'lc': 1, 'type': 'constructor', 'id': ['langchain', 'schema', 'messages', 'AIMessage'], 'kwargs': {'content': 'Question: What are the key improvements and standout features of the 4th Generation EPYC processors compared to their predecessors?', 'additional_kwargs': {'documents': None, 'citations': None, 'search_results': None, 'search_queries': None, 'is_search_required': None, 'generation_id': '86c1527d-c683-4953-b2c7-a6779b2c9f09', 'token_count': {'input_tokens': 105, 'output_tokens': 24}}, 'response_metadata': {'documents': None, 'citations': None, 'search_results': None, 'search_queries': None, 'is_search_required': None, 'generation_id': '86c1527d-c683-4953-b2c7-a6779b2c9f09', 'token_count': {'input_tokens': 105, 'output_tokens': 24}}, 'type': 'ai', 'id': 'run-7493d5e1-d042-4648-84e4-dc3909f356ec-0', 'tool_calls': [], 'invalid_tool_calls': []}}}]}"
20,✅,4a02abfd-5a9b-467b-88dd-af17cf3480d4,4a02abfd-5a9b-467b-88dd-af17cf3480d4,ChatCohere,llm,11:21:37 05 07 2024,1.68s,71,47,24,,,,"{'messages': [{'lc': 1, 'type': 'constructor', 'id': ['langchain', 'schema', 'messages', 'HumanMessage'], 'kwargs': {'content': '\n    Rephrase the query to make it more precise and actionable\n   \n    What are the best features of latest 4th Gen EPYC\n \n    Output the reframed query in the following format:\n    Question:\n    ', 'type': 'human'}}]}","{'llm_output': None, 'run': None, 'generations': [{'text': 'Question: What are the key improvements and standout features of the 4th Generation EPYC processors compared to their predecessors?', 'generation_info': {'documents': None, 'citations': None, 'search_results': None, 'search_queries': None, 'is_search_required': None, 'generation_id': 'd6d17e5d-900b-4c49-a99b-7c51d9fec587', 'token_count': {'input_tokens': 105, 'output_tokens': 24}}, 'type': 'ChatGeneration', 'message': {'lc': 1, 'type': 'constructor', 'id': ['langchain', 'schema', 'messages', 'AIMessage'], 'kwargs': {'content': 'Question: What are the key improvements and standout features of the 4th Generation EPYC processors compared to their predecessors?', 'additional_kwargs': {'documents': None, 'citations': None, 'search_results': None, 'search_queries': None, 'is_search_required': None, 'generation_id': 'd6d17e5d-900b-4c49-a99b-7c51d9fec587', 'token_count': {'input_tokens': 105, 'output_tokens': 24}}, 'response_metadata': {'documents': None, 'citations': None, 'search_results': None, 'search_queries': None, 'is_search_required': None, 'generation_id': 'd6d17e5d-900b-4c49-a99b-7c51d9fec587', 'token_count': {'input_tokens': 105, 'output_tokens': 24}}, 'type': 'ai', 'id': 'run-4a02abfd-5a9b-467b-88dd-af17cf3480d4-0', 'tool_calls': [], 'invalid_tool_calls': []}}}]}"
21,✅,e5ae4d26-8089-4b3f-a75f-ca1a9ddce67e,e5ae4d26-8089-4b3f-a75f-ca1a9ddce67e,RunnableSequence,chain,17:07:18 04 07 2024,10.26s,26633,26598,35,,,,{'input': 'Question: What is your identity and purpose as an AI chatbot?'},{'output': 'I am an AI chatbot designed to answer your queries to the best of my abilities. I do not have a personal identity or purpose as I am an AI language model.'}
22,✅,e3e54dc6-9b3b-472b-8784-e8b1791d4f4f,e3e54dc6-9b3b-472b-8784-e8b1791d4f4f,ChatCohere,llm,17:07:15 04 07 2024,1.2s,51,37,14,,,,"{'messages': [{'lc': 1, 'type': 'constructor', 'id': ['langchain', 'schema', 'messages', 'HumanMessage'], 'kwargs': {'content': '\n    Rephrase the query to make it more precise and actionable\n   \n    who are you\n \n    Output the reframed query in the following format:\n    Question:\n    ', 'type': 'human'}}]}","{'llm_output': None, 'run': None, 'generations': [{'text': 'Question: What is your identity and purpose as an AI chatbot?', 'generation_info': {'documents': None, 'citations': None, 'search_results': None, 'search_queries': None, 'is_search_required': None, 'generation_id': '2f0d77d3-0189-4070-bed9-befe2635b1d0', 'token_count': {'input_tokens': 95.0, 'output_tokens': 13.0}}, 'type': 'ChatGeneration', 'message': {'lc': 1, 'type': 'constructor', 'id': ['langchain', 'schema', 'messages', 'AIMessage'], 'kwargs': {'content': 'Question: What is your identity and purpose as an AI chatbot?', 'additional_kwargs': {'documents': None, 'citations': None, 'search_results': None, 'search_queries': None, 'is_search_required': None, 'generation_id': '2f0d77d3-0189-4070-bed9-befe2635b1d0', 'token_count': {'input_tokens': 95.0, 'output_tokens': 13.0}}, 'response_metadata': {'documents': None, 'citations': None, 'search_results': None, 'search_queries': None, 'is_search_required': None, 'generation_id': '2f0d77d3-0189-4070-bed9-befe2635b1d0', 'token_count': {'input_tokens': 95.0, 'output_tokens': 13.0}}, 'type': 'ai', 'id': 'run-e3e54dc6-9b3b-472b-8784-e8b1791d4f4f-0', 'tool_calls': [], 'invalid_tool_calls': []}}}]}"
23,✅,b2bb993c-3f05-4c0b-b6e9-d438be9ec910,b2bb993c-3f05-4c0b-b6e9-d438be9ec910,RunnableSequence,chain,17:02:35 04 07 2024,9.51s,26623,26599,24,,,,"{'input': 'Question: Are you the AI assistant Carol, or a different AI model?'}","{'output': 'No, I am not Carol. I am an AI assistant chatbot trained to assist human users by providing thorough responses.'}"
24,✅,1b57d54a-dadc-4aaf-90ba-1fba90e2b792,1b57d54a-dadc-4aaf-90ba-1fba90e2b792,ChatCohere,llm,17:02:32 04 07 2024,0.93s,54,39,15,,,,"{'messages': [{'lc': 1, 'type': 'constructor', 'id': ['langchain', 'schema', 'messages', 'HumanMessage'], 'kwargs': {'content': '\n    Rephrase the query to make it more precise and actionable\n   \n    are u carol?\n \n    Output the reframed query in the following format:\n    Question:\n    ', 'type': 'human'}}]}","{'llm_output': None, 'run': None, 'generations': [{'text': 'Question: Are you the AI assistant Carol, or a different AI model?', 'generation_info': {'documents': None, 'citations': None, 'search_results': None, 'search_queries': None, 'is_search_required': None, 'generation_id': '40f8c551-f63d-4c34-9dfa-7da4485da3bd', 'token_count': {'input_tokens': 97.0, 'output_tokens': 15.0}}, 'type': 'ChatGeneration', 'message': {'lc': 1, 'type': 'constructor', 'id': ['langchain', 'schema', 'messages', 'AIMessage'], 'kwargs': {'content': 'Question: Are you the AI assistant Carol, or a different AI model?', 'additional_kwargs': {'documents': None, 'citations': None, 'search_results': None, 'search_queries': None, 'is_search_required': None, 'generation_id': '40f8c551-f63d-4c34-9dfa-7da4485da3bd', 'token_count': {'input_tokens': 97.0, 'output_tokens': 15.0}}, 'response_metadata': {'documents': None, 'citations': None, 'search_results': None, 'search_queries': None, 'is_search_required': None, 'generation_id': '40f8c551-f63d-4c34-9dfa-7da4485da3bd', 'token_count': {'input_tokens': 97.0, 'output_tokens': 15.0}}, 'type': 'ai', 'id': 'run-1b57d54a-dadc-4aaf-90ba-1fba90e2b792-0', 'tool_calls': [], 'invalid_tool_calls': []}}}]}"
25,✅,2cd74fd3-0cdf-4811-ac75-aafbe4e95c92,2cd74fd3-0cdf-4811-ac75-aafbe4e95c92,RunnableSequence,chain,17:02:07 04 07 2024,8.49s,26610,26605,5,,,,{'input': 'Question: What role does the AMD EPYC processor play in contributing to climate change mitigation and sustainability efforts?'},"{'output': ""I don't know.""}"
26,✅,0f067c44-5bf7-426e-993c-44805c278245,0f067c44-5bf7-426e-993c-44805c278245,ChatCohere,llm,17:02:04 04 07 2024,1.04s,61,40,21,,,,"{'messages': [{'lc': 1, 'type': 'constructor', 'id': ['langchain', 'schema', 'messages', 'HumanMessage'], 'kwargs': {'content': '\n    Rephrase the query to make it more precise and actionable\n   \n    How AMD EPYC helping climate\n \n    Output the reframed query in the following format:\n    Question:\n    ', 'type': 'human'}}]}","{'llm_output': None, 'run': None, 'generations': [{'text': 'Question: What role does the AMD EPYC processor play in contributing to climate change mitigation and sustainability efforts?', 'generation_info': {'documents': None, 'citations': None, 'search_results': None, 'search_queries': None, 'is_search_required': None, 'generation_id': '19f1a775-3cb6-4e54-9d1e-7864d50d3472', 'token_count': {'input_tokens': 98.0, 'output_tokens': 21.0}}, 'type': 'ChatGeneration', 'message': {'lc': 1, 'type': 'constructor', 'id': ['langchain', 'schema', 'messages', 'AIMessage'], 'kwargs': {'content': 'Question: What role does the AMD EPYC processor play in contributing to climate change mitigation and sustainability efforts?', 'additional_kwargs': {'documents': None, 'citations': None, 'search_results': None, 'search_queries': None, 'is_search_required': None, 'generation_id': '19f1a775-3cb6-4e54-9d1e-7864d50d3472', 'token_count': {'input_tokens': 98.0, 'output_tokens': 21.0}}, 'response_metadata': {'documents': None, 'citations': None, 'search_results': None, 'search_queries': None, 'is_search_required': None, 'generation_id': '19f1a775-3cb6-4e54-9d1e-7864d50d3472', 'token_count': {'input_tokens': 98.0, 'output_tokens': 21.0}}, 'type': 'ai', 'id': 'run-0f067c44-5bf7-426e-993c-44805c278245-0', 'tool_calls': [], 'invalid_tool_calls': []}}}]}"
27,✅,40675228-33d4-4f27-9463-7b05c10c8217,40675228-33d4-4f27-9463-7b05c10c8217,RunnableSequence,chain,16:54:23 04 07 2024,11.64s,26619,26600,19,,,,{'input': 'Who is the current CEO of Infobell as of July 2024?'},{'output': 'Ramana Bandili is the current CEO of Infobell as of July 2024.'}
28,❗,08ee5666-623c-48b9-af6f-091cbb960a65,08ee5666-623c-48b9-af6f-091cbb960a65,RunnableSequence,chain,16:54:23 04 07 2024,10.58s,26601,26601,0,0.26601,0.26601,0.0,{'input': 'Question: Who is the current CEO of Infobell?'},
29,❗,40b7bbf3-2397-465c-9831-73b500c3d0d8,40b7bbf3-2397-465c-9831-73b500c3d0d8,RunnableSequence,chain,16:54:21 04 07 2024,9.53s,26601,26601,0,0.26601,0.26601,0.0,{'input': 'Question: Who is the current CEO of Infobell?'},
30,✅,88467e6a-a16d-487a-80d0-5ac5dd69686d,88467e6a-a16d-487a-80d0-5ac5dd69686d,ChatCohere,llm,16:54:17 04 07 2024,2.02s,53,41,12,,,,"{'messages': [{'lc': 1, 'type': 'constructor', 'id': ['langchain', 'schema', 'messages', 'HumanMessage'], 'kwargs': {'content': '\n    Rephrase the query to make it more precise and actionable\n   \n    who is CEO of infobell\n \n    Output the reframed query in the following format:\n    Question:\n    ', 'type': 'human'}}]}","{'llm_output': None, 'run': None, 'generations': [{'text': 'Question: Who is the current CEO of Infobell?', 'generation_info': {'documents': None, 'citations': None, 'search_results': None, 'search_queries': None, 'is_search_required': None, 'generation_id': 'ee75bad1-b985-4391-a6fc-9fd7a6d26fa7', 'token_count': {'input_tokens': 99.0, 'output_tokens': 12.0}}, 'type': 'ChatGeneration', 'message': {'lc': 1, 'type': 'constructor', 'id': ['langchain', 'schema', 'messages', 'AIMessage'], 'kwargs': {'content': 'Question: Who is the current CEO of Infobell?', 'additional_kwargs': {'documents': None, 'citations': None, 'search_results': None, 'search_queries': None, 'is_search_required': None, 'generation_id': 'ee75bad1-b985-4391-a6fc-9fd7a6d26fa7', 'token_count': {'input_tokens': 99.0, 'output_tokens': 12.0}}, 'response_metadata': {'documents': None, 'citations': None, 'search_results': None, 'search_queries': None, 'is_search_required': None, 'generation_id': 'ee75bad1-b985-4391-a6fc-9fd7a6d26fa7', 'token_count': {'input_tokens': 99.0, 'output_tokens': 12.0}}, 'type': 'ai', 'id': 'run-88467e6a-a16d-487a-80d0-5ac5dd69686d-0', 'tool_calls': [], 'invalid_tool_calls': []}}}]}"
31,✅,25baccf8-184a-4d7c-96da-26518b84dde6,25baccf8-184a-4d7c-96da-26518b84dde6,ChatCohere,llm,16:54:17 04 07 2024,3.18s,53,41,12,,,,"{'messages': [{'lc': 1, 'type': 'constructor', 'id': ['langchain', 'schema', 'messages', 'HumanMessage'], 'kwargs': {'content': '\n    Rephrase the query to make it more precise and actionable\n   \n    who is CEO of infobell\n \n    Output the reframed query in the following format:\n    Question:\n    ', 'type': 'human'}}]}","{'llm_output': None, 'run': None, 'generations': [{'text': 'Question: Who is the current CEO of Infobell?', 'generation_info': {'documents': None, 'citations': None, 'search_results': None, 'search_queries': None, 'is_search_required': None, 'generation_id': '56e48444-9e6c-446f-bc3e-4bf2ac9e86f0', 'token_count': {'input_tokens': 99.0, 'output_tokens': 12.0}}, 'type': 'ChatGeneration', 'message': {'lc': 1, 'type': 'constructor', 'id': ['langchain', 'schema', 'messages', 'AIMessage'], 'kwargs': {'content': 'Question: Who is the current CEO of Infobell?', 'additional_kwargs': {'documents': None, 'citations': None, 'search_results': None, 'search_queries': None, 'is_search_required': None, 'generation_id': '56e48444-9e6c-446f-bc3e-4bf2ac9e86f0', 'token_count': {'input_tokens': 99.0, 'output_tokens': 12.0}}, 'response_metadata': {'documents': None, 'citations': None, 'search_results': None, 'search_queries': None, 'is_search_required': None, 'generation_id': '56e48444-9e6c-446f-bc3e-4bf2ac9e86f0', 'token_count': {'input_tokens': 99.0, 'output_tokens': 12.0}}, 'type': 'ai', 'id': 'run-25baccf8-184a-4d7c-96da-26518b84dde6-0', 'tool_calls': [], 'invalid_tool_calls': []}}}]}"
32,✅,72c4f9d6-7a66-4132-861e-10d94cb58e29,72c4f9d6-7a66-4132-861e-10d94cb58e29,ChatCohere,llm,16:54:17 04 07 2024,3.31s,57,41,16,,,,"{'messages': [{'lc': 1, 'type': 'constructor', 'id': ['langchain', 'schema', 'messages', 'HumanMessage'], 'kwargs': {'content': '\n    Rephrase the query to make it more precise and actionable\n   \n    who is CEO of infobell\n \n    Output the reframed query in the following format:\n    Question:\n    ', 'type': 'human'}}]}","{'llm_output': None, 'run': None, 'generations': [{'text': 'Who is the current CEO of Infobell as of July 2024?', 'generation_info': {'documents': None, 'citations': None, 'search_results': None, 'search_queries': None, 'is_search_required': None, 'generation_id': '711adf20-b86c-4620-a99f-1e02f01dbff1', 'token_count': {'input_tokens': 99.0, 'output_tokens': 18.0}}, 'type': 'ChatGeneration', 'message': {'lc': 1, 'type': 'constructor', 'id': ['langchain', 'schema', 'messages', 'AIMessage'], 'kwargs': {'content': 'Who is the current CEO of Infobell as of July 2024?', 'additional_kwargs': {'documents': None, 'citations': None, 'search_results': None, 'search_queries': None, 'is_search_required': None, 'generation_id': '711adf20-b86c-4620-a99f-1e02f01dbff1', 'token_count': {'input_tokens': 99.0, 'output_tokens': 18.0}}, 'response_metadata': {'documents': None, 'citations': None, 'search_results': None, 'search_queries': None, 'is_search_required': None, 'generation_id': '711adf20-b86c-4620-a99f-1e02f01dbff1', 'token_count': {'input_tokens': 99.0, 'output_tokens': 18.0}}, 'type': 'ai', 'id': 'run-72c4f9d6-7a66-4132-861e-10d94cb58e29-0', 'tool_calls': [], 'invalid_tool_calls': []}}}]}"
33,✅,a55b69d3-dfa5-4b9c-8961-38b49a8b9990,a55b69d3-dfa5-4b9c-8961-38b49a8b9990,RunnableSequence,chain,16:52:36 04 07 2024,10.82s,26609,26596,13,,,,{'input': 'Question: Who is the current CEO of Infobell?'},{'output': 'The current CEO of Infobell is Ramana Bandili.'}
34,✅,35b7c0af-3ac7-4d66-9c6f-15479ab509a7,35b7c0af-3ac7-4d66-9c6f-15479ab509a7,ChatCohere,llm,16:52:33 04 07 2024,1.18s,53,41,12,,,,"{'messages': [{'lc': 1, 'type': 'constructor', 'id': ['langchain', 'schema', 'messages', 'HumanMessage'], 'kwargs': {'content': '\n    Rephrase the query to make it more precise and actionable\n   \n    who is CEO of infobell\n \n    Output the reframed query in the following format:\n    Question:\n    ', 'type': 'human'}}]}","{'llm_output': None, 'run': None, 'generations': [{'text': 'Question: Who is the current CEO of Infobell?', 'generation_info': {'documents': None, 'citations': None, 'search_results': None, 'search_queries': None, 'is_search_required': None, 'generation_id': '6b9036c3-3bec-4aff-af45-de85276f4c71', 'token_count': {'input_tokens': 99.0, 'output_tokens': 12.0}}, 'type': 'ChatGeneration', 'message': {'lc': 1, 'type': 'constructor', 'id': ['langchain', 'schema', 'messages', 'AIMessage'], 'kwargs': {'content': 'Question: Who is the current CEO of Infobell?', 'additional_kwargs': {'documents': None, 'citations': None, 'search_results': None, 'search_queries': None, 'is_search_required': None, 'generation_id': '6b9036c3-3bec-4aff-af45-de85276f4c71', 'token_count': {'input_tokens': 99.0, 'output_tokens': 12.0}}, 'response_metadata': {'documents': None, 'citations': None, 'search_results': None, 'search_queries': None, 'is_search_required': None, 'generation_id': '6b9036c3-3bec-4aff-af45-de85276f4c71', 'token_count': {'input_tokens': 99.0, 'output_tokens': 12.0}}, 'type': 'ai', 'id': 'run-35b7c0af-3ac7-4d66-9c6f-15479ab509a7-0', 'tool_calls': [], 'invalid_tool_calls': []}}}]}"
35,❗,03efdbee-62eb-4292-aa64-af0eb359b51c,03efdbee-62eb-4292-aa64-af0eb359b51c,RunnableSequence,chain,16:50:11 04 07 2024,10.69s,26598,26598,0,0.26598,0.26598,0.0,{'input': 'Question: What is your identity and purpose?'},
36,❗,cd16fc41-eaea-4d40-ac3d-892116d7aeae,cd16fc41-eaea-4d40-ac3d-892116d7aeae,RunnableSequence,chain,16:50:10 04 07 2024,10.62s,26612,26612,0,0.26612,0.26612,0.0,"{'input': 'Question: Can you please provide some information about yourself, including your name, role, and any other relevant details?'}",
37,✅,e8ffb98e-fbde-4436-a709-2205a98db03d,e8ffb98e-fbde-4436-a709-2205a98db03d,RunnableSequence,chain,16:50:10 04 07 2024,10.73s,26619,26598,21,,,,"{'input': 'Question: What is your name, and what is your primary function?'}","{'output': 'My name is Coral, and my primary function is to assist users by providing thorough responses to their questions.'}"
38,✅,b5a0d1c1-4ac9-4f9b-a4c3-17bd89f25cdd,b5a0d1c1-4ac9-4f9b-a4c3-17bd89f25cdd,ChatCohere,llm,16:50:06 04 07 2024,2.52s,46,37,9,,,,"{'messages': [{'lc': 1, 'type': 'constructor', 'id': ['langchain', 'schema', 'messages', 'HumanMessage'], 'kwargs': {'content': '\n    Rephrase the query to make it more precise and actionable\n   \n    who are you\n \n    Output the reframed query in the following format:\n    Question:\n    ', 'type': 'human'}}]}","{'llm_output': None, 'run': None, 'generations': [{'text': 'Question: What is your identity and purpose?', 'generation_info': {'documents': None, 'citations': None, 'search_results': None, 'search_queries': None, 'is_search_required': None, 'generation_id': 'dd05fa75-0862-45c7-87e8-be203b13e37f', 'token_count': {'input_tokens': 95.0, 'output_tokens': 9.0}}, 'type': 'ChatGeneration', 'message': {'lc': 1, 'type': 'constructor', 'id': ['langchain', 'schema', 'messages', 'AIMessage'], 'kwargs': {'content': 'Question: What is your identity and purpose?', 'additional_kwargs': {'documents': None, 'citations': None, 'search_results': None, 'search_queries': None, 'is_search_required': None, 'generation_id': 'dd05fa75-0862-45c7-87e8-be203b13e37f', 'token_count': {'input_tokens': 95.0, 'output_tokens': 9.0}}, 'response_metadata': {'documents': None, 'citations': None, 'search_results': None, 'search_queries': None, 'is_search_required': None, 'generation_id': 'dd05fa75-0862-45c7-87e8-be203b13e37f', 'token_count': {'input_tokens': 95.0, 'output_tokens': 9.0}}, 'type': 'ai', 'id': 'run-b5a0d1c1-4ac9-4f9b-a4c3-17bd89f25cdd-0', 'tool_calls': [], 'invalid_tool_calls': []}}}]}"
39,✅,ff814753-e9d9-4528-ba30-ee1a8722fa73,ff814753-e9d9-4528-ba30-ee1a8722fa73,ChatCohere,llm,16:50:06 04 07 2024,0.98s,60,37,23,,,,"{'messages': [{'lc': 1, 'type': 'constructor', 'id': ['langchain', 'schema', 'messages', 'HumanMessage'], 'kwargs': {'content': '\n    Rephrase the query to make it more precise and actionable\n   \n    who are you\n \n    Output the reframed query in the following format:\n    Question:\n    ', 'type': 'human'}}]}","{'llm_output': None, 'run': None, 'generations': [{'text': 'Question: Can you please provide some information about yourself, including your name, role, and any other relevant details?', 'generation_info': {'documents': None, 'citations': None, 'search_results': None, 'search_queries': None, 'is_search_required': None, 'generation_id': '251d1727-bf6e-4c11-b455-025181e31a18', 'token_count': {'input_tokens': 95.0, 'output_tokens': 23.0}}, 'type': 'ChatGeneration', 'message': {'lc': 1, 'type': 'constructor', 'id': ['langchain', 'schema', 'messages', 'AIMessage'], 'kwargs': {'content': 'Question: Can you please provide some information about yourself, including your name, role, and any other relevant details?', 'additional_kwargs': {'documents': None, 'citations': None, 'search_results': None, 'search_queries': None, 'is_search_required': None, 'generation_id': '251d1727-bf6e-4c11-b455-025181e31a18', 'token_count': {'input_tokens': 95.0, 'output_tokens': 23.0}}, 'response_metadata': {'documents': None, 'citations': None, 'search_results': None, 'search_queries': None, 'is_search_required': None, 'generation_id': '251d1727-bf6e-4c11-b455-025181e31a18', 'token_count': {'input_tokens': 95.0, 'output_tokens': 23.0}}, 'type': 'ai', 'id': 'run-ff814753-e9d9-4528-ba30-ee1a8722fa73-0', 'tool_calls': [], 'invalid_tool_calls': []}}}]}"
40,✅,dbcb8805-8b34-4665-a046-f448221346dc,dbcb8805-8b34-4665-a046-f448221346dc,ChatCohere,llm,16:50:06 04 07 2024,0.79s,51,37,14,,,,"{'messages': [{'lc': 1, 'type': 'constructor', 'id': ['langchain', 'schema', 'messages', 'HumanMessage'], 'kwargs': {'content': '\n    Rephrase the query to make it more precise and actionable\n   \n    who are you\n \n    Output the reframed query in the following format:\n    Question:\n    ', 'type': 'human'}}]}","{'llm_output': None, 'run': None, 'generations': [{'text': 'Question: What is your name, and what is your primary function?', 'generation_info': {'documents': None, 'citations': None, 'search_results': None, 'search_queries': None, 'is_search_required': None, 'generation_id': 'cd4c436c-0b1d-4284-a234-ded9abdf2f3f', 'token_count': {'input_tokens': 95.0, 'output_tokens': 14.0}}, 'type': 'ChatGeneration', 'message': {'lc': 1, 'type': 'constructor', 'id': ['langchain', 'schema', 'messages', 'AIMessage'], 'kwargs': {'content': 'Question: What is your name, and what is your primary function?', 'additional_kwargs': {'documents': None, 'citations': None, 'search_results': None, 'search_queries': None, 'is_search_required': None, 'generation_id': 'cd4c436c-0b1d-4284-a234-ded9abdf2f3f', 'token_count': {'input_tokens': 95.0, 'output_tokens': 14.0}}, 'response_metadata': {'documents': None, 'citations': None, 'search_results': None, 'search_queries': None, 'is_search_required': None, 'generation_id': 'cd4c436c-0b1d-4284-a234-ded9abdf2f3f', 'token_count': {'input_tokens': 95.0, 'output_tokens': 14.0}}, 'type': 'ai', 'id': 'run-dbcb8805-8b34-4665-a046-f448221346dc-0', 'tool_calls': [], 'invalid_tool_calls': []}}}]}"
41,✅,6466cf78-2202-48aa-a7d3-325e9fcf605f,6466cf78-2202-48aa-a7d3-325e9fcf605f,RunnableSequence,chain,16:49:36 04 07 2024,14.18s,26654,26598,56,,,,{'input': 'Question: Can you please provide some information about your identity and purpose?'},"{'output': 'I am an AI-assistant chatbot trained to assist human users by providing thorough responses. I do not have a name or identity separate from Coral, the larger language model that powers me. My purpose is to provide information and answer questions to the best of my knowledge and ability.'}"
42,✅,2393aea1-540b-4a6a-b8ce-0a89f0b4f966,2393aea1-540b-4a6a-b8ce-0a89f0b4f966,ChatCohere,llm,16:49:30 04 07 2024,1.67s,51,37,14,,,,"{'messages': [{'lc': 1, 'type': 'constructor', 'id': ['langchain', 'schema', 'messages', 'HumanMessage'], 'kwargs': {'content': '\n    Rephrase the query to make it more precise and actionable\n   \n    who are you\n \n    Output the reframed query in the following format:\n    Question:\n    ', 'type': 'human'}}]}","{'llm_output': None, 'run': None, 'generations': [{'text': 'Question: Can you please provide some information about your identity and purpose?', 'generation_info': {'documents': None, 'citations': None, 'search_results': None, 'search_queries': None, 'is_search_required': None, 'generation_id': '4e5cb129-1a6e-4e1b-a71f-da4a5283b2a9', 'token_count': {'input_tokens': 95.0, 'output_tokens': 14.0}}, 'type': 'ChatGeneration', 'message': {'lc': 1, 'type': 'constructor', 'id': ['langchain', 'schema', 'messages', 'AIMessage'], 'kwargs': {'content': 'Question: Can you please provide some information about your identity and purpose?', 'additional_kwargs': {'documents': None, 'citations': None, 'search_results': None, 'search_queries': None, 'is_search_required': None, 'generation_id': '4e5cb129-1a6e-4e1b-a71f-da4a5283b2a9', 'token_count': {'input_tokens': 95.0, 'output_tokens': 14.0}}, 'response_metadata': {'documents': None, 'citations': None, 'search_results': None, 'search_queries': None, 'is_search_required': None, 'generation_id': '4e5cb129-1a6e-4e1b-a71f-da4a5283b2a9', 'token_count': {'input_tokens': 95.0, 'output_tokens': 14.0}}, 'type': 'ai', 'id': 'run-2393aea1-540b-4a6a-b8ce-0a89f0b4f966-0', 'tool_calls': [], 'invalid_tool_calls': []}}}]}"
43,❗,1596ad77-2439-4666-8fcb-9520409fe694,1596ad77-2439-4666-8fcb-9520409fe694,RunnableSequence,chain,16:40:42 04 07 2024,10.09s,26602,26602,0,0.26602,0.26602,0.0,"{'input': 'Question: What is your name, and what is your function?'}",
44,✅,72368f8f-6d88-4071-823b-7b0b1a2b66cd,72368f8f-6d88-4071-823b-7b0b1a2b66cd,ChatCohere,llm,16:40:38 04 07 2024,2.07s,50,37,13,,,,"{'messages': [{'lc': 1, 'type': 'constructor', 'id': ['langchain', 'schema', 'messages', 'HumanMessage'], 'kwargs': {'content': '\n    Rephrase the query to make it more precise and actionable\n   \n    who are you\n \n    Output the reframed query in the following format:\n    Question:\n    ', 'type': 'human'}}]}","{'llm_output': None, 'run': None, 'generations': [{'text': 'Question: What is your name, and what is your function?', 'generation_info': {'documents': None, 'citations': None, 'search_results': None, 'search_queries': None, 'is_search_required': None, 'generation_id': '1d21b5c5-8ae1-428a-9e09-92358f14809b', 'token_count': {'input_tokens': 95.0, 'output_tokens': 13.0}}, 'type': 'ChatGeneration', 'message': {'lc': 1, 'type': 'constructor', 'id': ['langchain', 'schema', 'messages', 'AIMessage'], 'kwargs': {'content': 'Question: What is your name, and what is your function?', 'additional_kwargs': {'documents': None, 'citations': None, 'search_results': None, 'search_queries': None, 'is_search_required': None, 'generation_id': '1d21b5c5-8ae1-428a-9e09-92358f14809b', 'token_count': {'input_tokens': 95.0, 'output_tokens': 13.0}}, 'response_metadata': {'documents': None, 'citations': None, 'search_results': None, 'search_queries': None, 'is_search_required': None, 'generation_id': '1d21b5c5-8ae1-428a-9e09-92358f14809b', 'token_count': {'input_tokens': 95.0, 'output_tokens': 13.0}}, 'type': 'ai', 'id': 'run-72368f8f-6d88-4071-823b-7b0b1a2b66cd-0', 'tool_calls': [], 'invalid_tool_calls': []}}}]}"
45,✅,3ea3fa10-6468-4d77-9440-12e5fec5c16b,3ea3fa10-6468-4d77-9440-12e5fec5c16b,RunnableSequence,chain,16:39:24 04 07 2024,9.42s,26619,26598,21,,,,"{'input': 'Question: What is your name, and what is your primary function?'}","{'output': 'My name is Coral, and my primary function is to assist users by providing thorough responses to their questions.'}"
46,✅,3ae3591e-0a7f-4101-b6ea-1baedf1a9c9b,3ae3591e-0a7f-4101-b6ea-1baedf1a9c9b,ChatCohere,llm,16:39:21 04 07 2024,1.82s,51,37,14,,,,"{'messages': [{'lc': 1, 'type': 'constructor', 'id': ['langchain', 'schema', 'messages', 'HumanMessage'], 'kwargs': {'content': '\n    Rephrase the query to make it more precise and actionable\n   \n    who are you\n \n    Output the reframed query in the following format:\n    Question:\n    ', 'type': 'human'}}]}","{'llm_output': None, 'run': None, 'generations': [{'text': 'Question: What is your name, and what is your primary function?', 'generation_info': {'documents': None, 'citations': None, 'search_results': None, 'search_queries': None, 'is_search_required': None, 'generation_id': 'd57b9e61-d5ba-4800-b733-22503703f698', 'token_count': {'input_tokens': 95.0, 'output_tokens': 14.0}}, 'type': 'ChatGeneration', 'message': {'lc': 1, 'type': 'constructor', 'id': ['langchain', 'schema', 'messages', 'AIMessage'], 'kwargs': {'content': 'Question: What is your name, and what is your primary function?', 'additional_kwargs': {'documents': None, 'citations': None, 'search_results': None, 'search_queries': None, 'is_search_required': None, 'generation_id': 'd57b9e61-d5ba-4800-b733-22503703f698', 'token_count': {'input_tokens': 95.0, 'output_tokens': 14.0}}, 'response_metadata': {'documents': None, 'citations': None, 'search_results': None, 'search_queries': None, 'is_search_required': None, 'generation_id': 'd57b9e61-d5ba-4800-b733-22503703f698', 'token_count': {'input_tokens': 95.0, 'output_tokens': 14.0}}, 'type': 'ai', 'id': 'run-3ae3591e-0a7f-4101-b6ea-1baedf1a9c9b-0', 'tool_calls': [], 'invalid_tool_calls': []}}}]}"
47,✅,9c544775-5aee-45a2-aa47-51bd31302ffe,9c544775-5aee-45a2-aa47-51bd31302ffe,RunnableSequence,chain,16:36:54 04 07 2024,10.05s,26635,26601,34,,,,"{'input': 'Question: What is your name or identity, and how would you like me to address you?'}","{'output': 'My name is Coral, and I am an AI-assistant chatbot trained to assist human users by providing thorough responses. It would be best to address me as Coral.'}"
48,✅,3c736011-6563-49d8-be4b-47143e2a4c07,3c736011-6563-49d8-be4b-47143e2a4c07,ChatCohere,llm,16:36:52 04 07 2024,0.81s,57,38,19,,,,"{'messages': [{'lc': 1, 'type': 'constructor', 'id': ['langchain', 'schema', 'messages', 'HumanMessage'], 'kwargs': {'content': '\n    Rephrase the query to make it more precise and actionable\n   \n    who are youi\n \n    Output the reframed query in the following format:\n    Question:\n    ', 'type': 'human'}}]}","{'llm_output': None, 'run': None, 'generations': [{'text': 'Question: What is your name or identity, and how would you like me to address you?', 'generation_info': {'documents': None, 'citations': None, 'search_results': None, 'search_queries': None, 'is_search_required': None, 'generation_id': 'cade5055-d1a7-4cf6-9020-00089e506d24', 'token_count': {'input_tokens': 96.0, 'output_tokens': 19.0}}, 'type': 'ChatGeneration', 'message': {'lc': 1, 'type': 'constructor', 'id': ['langchain', 'schema', 'messages', 'AIMessage'], 'kwargs': {'content': 'Question: What is your name or identity, and how would you like me to address you?', 'additional_kwargs': {'documents': None, 'citations': None, 'search_results': None, 'search_queries': None, 'is_search_required': None, 'generation_id': 'cade5055-d1a7-4cf6-9020-00089e506d24', 'token_count': {'input_tokens': 96.0, 'output_tokens': 19.0}}, 'response_metadata': {'documents': None, 'citations': None, 'search_results': None, 'search_queries': None, 'is_search_required': None, 'generation_id': 'cade5055-d1a7-4cf6-9020-00089e506d24', 'token_count': {'input_tokens': 96.0, 'output_tokens': 19.0}}, 'type': 'ai', 'id': 'run-3c736011-6563-49d8-be4b-47143e2a4c07-0', 'tool_calls': [], 'invalid_tool_calls': []}}}]}"
49,✅,06b74b02-201d-40af-9fb2-b0abaf3a3cbb,06b74b02-201d-40af-9fb2-b0abaf3a3cbb,RunnableSequence,chain,16:36:31 04 07 2024,9.68s,26607,26595,12,,,,{'input': 'Question: Are you a Cohere chatbot model?'},"{'output': 'No, I am not a Cohere chatbot model.'}"
50,✅,60560374-5b74-401e-933d-5ad39ab8c12d,60560374-5b74-401e-933d-5ad39ab8c12d,ChatCohere,llm,16:36:27 04 07 2024,2.22s,50,39,11,,,,"{'messages': [{'lc': 1, 'type': 'constructor', 'id': ['langchain', 'schema', 'messages', 'HumanMessage'], 'kwargs': {'content': '\n    Rephrase the query to make it more precise and actionable\n   \n    are you cohere model\n \n    Output the reframed query in the following format:\n    Question:\n    ', 'type': 'human'}}]}","{'llm_output': None, 'run': None, 'generations': [{'text': 'Question: Are you a Cohere chatbot model?', 'generation_info': {'documents': None, 'citations': None, 'search_results': None, 'search_queries': None, 'is_search_required': None, 'generation_id': 'd246b945-2caa-4acd-9c9d-e74915b342a1', 'token_count': {'input_tokens': 97.0, 'output_tokens': 10.0}}, 'type': 'ChatGeneration', 'message': {'lc': 1, 'type': 'constructor', 'id': ['langchain', 'schema', 'messages', 'AIMessage'], 'kwargs': {'content': 'Question: Are you a Cohere chatbot model?', 'additional_kwargs': {'documents': None, 'citations': None, 'search_results': None, 'search_queries': None, 'is_search_required': None, 'generation_id': 'd246b945-2caa-4acd-9c9d-e74915b342a1', 'token_count': {'input_tokens': 97.0, 'output_tokens': 10.0}}, 'response_metadata': {'documents': None, 'citations': None, 'search_results': None, 'search_queries': None, 'is_search_required': None, 'generation_id': 'd246b945-2caa-4acd-9c9d-e74915b342a1', 'token_count': {'input_tokens': 97.0, 'output_tokens': 10.0}}, 'type': 'ai', 'id': 'run-60560374-5b74-401e-933d-5ad39ab8c12d-0', 'tool_calls': [], 'invalid_tool_calls': []}}}]}"
51,✅,4f740243-f5c7-4922-be3b-d5cb481e529c,4f740243-f5c7-4922-be3b-d5cb481e529c,RunnableSequence,chain,16:33:56 04 07 2024,53.47s,26609,26596,13,,,,{'input': 'Question: Who is the current CEO of Infobell?'},{'output': 'The current CEO of Infobell is Ramana Bandili.'}
52,✅,648e31d9-37d0-452f-9cb6-cd994414253c,648e31d9-37d0-452f-9cb6-cd994414253c,ChatCohere,llm,16:33:54 04 07 2024,0.75s,53,41,12,,,,"{'messages': [{'lc': 1, 'type': 'constructor', 'id': ['langchain', 'schema', 'messages', 'HumanMessage'], 'kwargs': {'content': '\n    Rephrase the query to make it more precise and actionable\n   \n    who is CEO of infobell\n \n    Output the reframed query in the following format:\n    Question:\n    ', 'type': 'human'}}]}","{'llm_output': None, 'run': None, 'generations': [{'text': 'Question: Who is the current CEO of Infobell?', 'generation_info': {'documents': None, 'citations': None, 'search_results': None, 'search_queries': None, 'is_search_required': None, 'generation_id': '4e4e20c2-6a11-4664-9213-0f3b9c5a8348', 'token_count': {'input_tokens': 99.0, 'output_tokens': 12.0}}, 'type': 'ChatGeneration', 'message': {'lc': 1, 'type': 'constructor', 'id': ['langchain', 'schema', 'messages', 'AIMessage'], 'kwargs': {'content': 'Question: Who is the current CEO of Infobell?', 'additional_kwargs': {'documents': None, 'citations': None, 'search_results': None, 'search_queries': None, 'is_search_required': None, 'generation_id': '4e4e20c2-6a11-4664-9213-0f3b9c5a8348', 'token_count': {'input_tokens': 99.0, 'output_tokens': 12.0}}, 'response_metadata': {'documents': None, 'citations': None, 'search_results': None, 'search_queries': None, 'is_search_required': None, 'generation_id': '4e4e20c2-6a11-4664-9213-0f3b9c5a8348', 'token_count': {'input_tokens': 99.0, 'output_tokens': 12.0}}, 'type': 'ai', 'id': 'run-648e31d9-37d0-452f-9cb6-cd994414253c-0', 'tool_calls': [], 'invalid_tool_calls': []}}}]}"
53,✅,b4bed4d8-4088-4031-8a63-33bf1ad628c1,b4bed4d8-4088-4031-8a63-33bf1ad628c1,RunnableSequence,chain,16:33:30 04 07 2024,10.44s,26609,26596,13,,,,{'input': 'Question: Who is the current CEO of Infobell?'},{'output': 'The current CEO of Infobell is Ramana Bandili.'}
54,✅,528d3349-0eb7-484b-957e-c387d94415bd,528d3349-0eb7-484b-957e-c387d94415bd,ChatCohere,llm,16:33:26 04 07 2024,2.02s,53,41,12,,,,"{'messages': [{'lc': 1, 'type': 'constructor', 'id': ['langchain', 'schema', 'messages', 'HumanMessage'], 'kwargs': {'content': '\n    Rephrase the query to make it more precise and actionable\n   \n    who is CEO of infobell\n \n    Output the reframed query in the following format:\n    Question:\n    ', 'type': 'human'}}]}","{'llm_output': None, 'run': None, 'generations': [{'text': 'Question: Who is the current CEO of Infobell?', 'generation_info': {'documents': None, 'citations': None, 'search_results': None, 'search_queries': None, 'is_search_required': None, 'generation_id': 'e21df190-beab-4dfe-aa4c-bcd61a2938b1', 'token_count': {'input_tokens': 99.0, 'output_tokens': 12.0}}, 'type': 'ChatGeneration', 'message': {'lc': 1, 'type': 'constructor', 'id': ['langchain', 'schema', 'messages', 'AIMessage'], 'kwargs': {'content': 'Question: Who is the current CEO of Infobell?', 'additional_kwargs': {'documents': None, 'citations': None, 'search_results': None, 'search_queries': None, 'is_search_required': None, 'generation_id': 'e21df190-beab-4dfe-aa4c-bcd61a2938b1', 'token_count': {'input_tokens': 99.0, 'output_tokens': 12.0}}, 'response_metadata': {'documents': None, 'citations': None, 'search_results': None, 'search_queries': None, 'is_search_required': None, 'generation_id': 'e21df190-beab-4dfe-aa4c-bcd61a2938b1', 'token_count': {'input_tokens': 99.0, 'output_tokens': 12.0}}, 'type': 'ai', 'id': 'run-528d3349-0eb7-484b-957e-c387d94415bd-0', 'tool_calls': [], 'invalid_tool_calls': []}}}]}"
55,✅,bf687d43-f77c-4c31-8c24-26a98666508d,bf687d43-f77c-4c31-8c24-26a98666508d,RunnableSequence,chain,16:32:52 04 07 2024,9.99s,26609,26596,13,,,,{'input': 'Question: Who is the current CEO of Infobell?'},{'output': 'The current CEO of Infobell is Ramana Bandili.'}
56,✅,957fc1a8-af3a-4f0d-ae37-efdcec16e7e7,957fc1a8-af3a-4f0d-ae37-efdcec16e7e7,ChatCohere,llm,16:32:47 04 07 2024,1.06s,53,41,12,,,,"{'messages': [{'lc': 1, 'type': 'constructor', 'id': ['langchain', 'schema', 'messages', 'HumanMessage'], 'kwargs': {'content': '\n    Rephrase the query to make it more precise and actionable\n   \n    who is CEO of infobell\n \n    Output the reframed query in the following format:\n    Question:\n    ', 'type': 'human'}}]}","{'llm_output': None, 'run': None, 'generations': [{'text': 'Question: Who is the current CEO of Infobell?', 'generation_info': {'documents': None, 'citations': None, 'search_results': None, 'search_queries': None, 'is_search_required': None, 'generation_id': 'be6e2634-b945-4685-81e0-1133750a9adc', 'token_count': {'input_tokens': 99.0, 'output_tokens': 12.0}}, 'type': 'ChatGeneration', 'message': {'lc': 1, 'type': 'constructor', 'id': ['langchain', 'schema', 'messages', 'AIMessage'], 'kwargs': {'content': 'Question: Who is the current CEO of Infobell?', 'additional_kwargs': {'documents': None, 'citations': None, 'search_results': None, 'search_queries': None, 'is_search_required': None, 'generation_id': 'be6e2634-b945-4685-81e0-1133750a9adc', 'token_count': {'input_tokens': 99.0, 'output_tokens': 12.0}}, 'response_metadata': {'documents': None, 'citations': None, 'search_results': None, 'search_queries': None, 'is_search_required': None, 'generation_id': 'be6e2634-b945-4685-81e0-1133750a9adc', 'token_count': {'input_tokens': 99.0, 'output_tokens': 12.0}}, 'type': 'ai', 'id': 'run-957fc1a8-af3a-4f0d-ae37-efdcec16e7e7-0', 'tool_calls': [], 'invalid_tool_calls': []}}}]}"
57,✅,c41fd6be-3f4b-4bad-a10a-0384befed011,c41fd6be-3f4b-4bad-a10a-0384befed011,RunnableSequence,chain,16:28:25 04 07 2024,8.84s,26607,26602,5,,,,{'input': 'Question: What are the specifications of the latest 4th Generation AMD EPYC processors?'},"{'output': ""I don't know.""}"
58,✅,6fcdc23f-2cbc-40fd-9010-6adf7f366c84,6fcdc23f-2cbc-40fd-9010-6adf7f366c84,ChatCohere,llm,16:28:19 04 07 2024,3.41s,63,45,18,,,,"{'messages': [{'lc': 1, 'type': 'constructor', 'id': ['langchain', 'schema', 'messages', 'HumanMessage'], 'kwargs': {'content': '\n    Rephrase the query to make it more precise and actionable\n   \n    What is specification for latest 4th Gen EPYC\n \n    Output the reframed query in the following format:\n    Question:\n    ', 'type': 'human'}}]}","{'llm_output': None, 'run': None, 'generations': [{'text': 'Question: What are the specifications of the latest 4th Generation AMD EPYC processors?', 'generation_info': {'documents': None, 'citations': None, 'search_results': None, 'search_queries': None, 'is_search_required': None, 'generation_id': '30cae76c-879e-49c0-b9c8-04455529427d', 'token_count': {'input_tokens': 103.0, 'output_tokens': 18.0}}, 'type': 'ChatGeneration', 'message': {'lc': 1, 'type': 'constructor', 'id': ['langchain', 'schema', 'messages', 'AIMessage'], 'kwargs': {'content': 'Question: What are the specifications of the latest 4th Generation AMD EPYC processors?', 'additional_kwargs': {'documents': None, 'citations': None, 'search_results': None, 'search_queries': None, 'is_search_required': None, 'generation_id': '30cae76c-879e-49c0-b9c8-04455529427d', 'token_count': {'input_tokens': 103.0, 'output_tokens': 18.0}}, 'response_metadata': {'documents': None, 'citations': None, 'search_results': None, 'search_queries': None, 'is_search_required': None, 'generation_id': '30cae76c-879e-49c0-b9c8-04455529427d', 'token_count': {'input_tokens': 103.0, 'output_tokens': 18.0}}, 'type': 'ai', 'id': 'run-6fcdc23f-2cbc-40fd-9010-6adf7f366c84-0', 'tool_calls': [], 'invalid_tool_calls': []}}}]}"
59,❗,ff486af7-5e4b-4e73-8457-2df6ef594529,ff486af7-5e4b-4e73-8457-2df6ef594529,RunnableSequence,chain,12:14:32 04 07 2024,9.39s,26610,26610,0,0.2661,0.2661,0.0,{'input': 'Question: How can I stay informed about the latest security patches and updates specifically for AMD EPYC processors?'},
60,❗,f2567d82-3375-45d8-aed6-47f4ae093c34,f2567d82-3375-45d8-aed6-47f4ae093c34,RunnableSequence,chain,12:14:32 04 07 2024,9.75s,26610,26610,0,0.2661,0.2661,0.0,{'input': 'Question: How can I stay informed about the latest security patches and updates specifically for AMD EPYC processors?'},
61,✅,2e64ed50-58ef-4dd4-a110-cc49002b5c07,2e64ed50-58ef-4dd4-a110-cc49002b5c07,RunnableSequence,chain,12:14:32 04 07 2024,9.93s,26610,26605,5,,,,{'input': 'Question: How can I stay informed about the latest security patches and updates specifically for AMD EPYC processors?'},"{'output': ""I don't know.""}"
62,✅,c538678a-3b01-4e7e-a847-fb7ddc52dbf4,c538678a-3b01-4e7e-a847-fb7ddc52dbf4,ChatCohere,llm,12:14:25 04 07 2024,1.12s,65,44,21,,,,"{'messages': [{'lc': 1, 'type': 'constructor', 'id': ['langchain', 'schema', 'messages', 'HumanMessage'], 'kwargs': {'content': '\n    Rephrase the query to make it more precise and actionable\n   \n    Where to find latest AMD EPYC related security patches\n \n    Output the reframed query in the following format:\n    Question:\n    ', 'type': 'human'}}]}","{'llm_output': None, 'run': None, 'generations': [{'text': 'Question: How can I stay informed about the latest security patches and updates specifically for AMD EPYC processors?', 'generation_info': {'documents': None, 'citations': None, 'search_results': None, 'search_queries': None, 'is_search_required': None, 'generation_id': '1b92014d-c880-42d1-b1b4-ee91acb3d5f7', 'token_count': {'input_tokens': 102.0, 'output_tokens': 21.0}}, 'type': 'ChatGeneration', 'message': {'lc': 1, 'type': 'constructor', 'id': ['langchain', 'schema', 'messages', 'AIMessage'], 'kwargs': {'content': 'Question: How can I stay informed about the latest security patches and updates specifically for AMD EPYC processors?', 'additional_kwargs': {'documents': None, 'citations': None, 'search_results': None, 'search_queries': None, 'is_search_required': None, 'generation_id': '1b92014d-c880-42d1-b1b4-ee91acb3d5f7', 'token_count': {'input_tokens': 102.0, 'output_tokens': 21.0}}, 'response_metadata': {'documents': None, 'citations': None, 'search_results': None, 'search_queries': None, 'is_search_required': None, 'generation_id': '1b92014d-c880-42d1-b1b4-ee91acb3d5f7', 'token_count': {'input_tokens': 102.0, 'output_tokens': 21.0}}, 'type': 'ai', 'id': 'run-c538678a-3b01-4e7e-a847-fb7ddc52dbf4-0', 'tool_calls': [], 'invalid_tool_calls': []}}}]}"
63,✅,01644d7a-5da4-43de-b898-484914d4d27b,01644d7a-5da4-43de-b898-484914d4d27b,ChatCohere,llm,12:14:25 04 07 2024,1.1s,65,44,21,,,,"{'messages': [{'lc': 1, 'type': 'constructor', 'id': ['langchain', 'schema', 'messages', 'HumanMessage'], 'kwargs': {'content': '\n    Rephrase the query to make it more precise and actionable\n   \n    Where to find latest AMD EPYC related security patches\n \n    Output the reframed query in the following format:\n    Question:\n    ', 'type': 'human'}}]}","{'llm_output': None, 'run': None, 'generations': [{'text': 'Question: How can I stay informed about the latest security patches and updates specifically for AMD EPYC processors?', 'generation_info': {'documents': None, 'citations': None, 'search_results': None, 'search_queries': None, 'is_search_required': None, 'generation_id': 'ad82dc4c-ccd9-4a90-8b71-02a507a5d2f4', 'token_count': {'input_tokens': 102.0, 'output_tokens': 21.0}}, 'type': 'ChatGeneration', 'message': {'lc': 1, 'type': 'constructor', 'id': ['langchain', 'schema', 'messages', 'AIMessage'], 'kwargs': {'content': 'Question: How can I stay informed about the latest security patches and updates specifically for AMD EPYC processors?', 'additional_kwargs': {'documents': None, 'citations': None, 'search_results': None, 'search_queries': None, 'is_search_required': None, 'generation_id': 'ad82dc4c-ccd9-4a90-8b71-02a507a5d2f4', 'token_count': {'input_tokens': 102.0, 'output_tokens': 21.0}}, 'response_metadata': {'documents': None, 'citations': None, 'search_results': None, 'search_queries': None, 'is_search_required': None, 'generation_id': 'ad82dc4c-ccd9-4a90-8b71-02a507a5d2f4', 'token_count': {'input_tokens': 102.0, 'output_tokens': 21.0}}, 'type': 'ai', 'id': 'run-01644d7a-5da4-43de-b898-484914d4d27b-0', 'tool_calls': [], 'invalid_tool_calls': []}}}]}"
64,✅,0cb16a32-688f-4883-8f6c-2b3bc4c9b56f,0cb16a32-688f-4883-8f6c-2b3bc4c9b56f,ChatCohere,llm,12:14:25 04 07 2024,1.34s,65,44,21,,,,"{'messages': [{'lc': 1, 'type': 'constructor', 'id': ['langchain', 'schema', 'messages', 'HumanMessage'], 'kwargs': {'content': '\n    Rephrase the query to make it more precise and actionable\n   \n    Where to find latest AMD EPYC related security patches\n \n    Output the reframed query in the following format:\n    Question:\n    ', 'type': 'human'}}]}","{'llm_output': None, 'run': None, 'generations': [{'text': 'Question: How can I stay informed about the latest security patches and updates specifically for AMD EPYC processors?', 'generation_info': {'documents': None, 'citations': None, 'search_results': None, 'search_queries': None, 'is_search_required': None, 'generation_id': '12258741-06eb-4205-89a0-4f476dda9bfc', 'token_count': {'input_tokens': 102.0, 'output_tokens': 21.0}}, 'type': 'ChatGeneration', 'message': {'lc': 1, 'type': 'constructor', 'id': ['langchain', 'schema', 'messages', 'AIMessage'], 'kwargs': {'content': 'Question: How can I stay informed about the latest security patches and updates specifically for AMD EPYC processors?', 'additional_kwargs': {'documents': None, 'citations': None, 'search_results': None, 'search_queries': None, 'is_search_required': None, 'generation_id': '12258741-06eb-4205-89a0-4f476dda9bfc', 'token_count': {'input_tokens': 102.0, 'output_tokens': 21.0}}, 'response_metadata': {'documents': None, 'citations': None, 'search_results': None, 'search_queries': None, 'is_search_required': None, 'generation_id': '12258741-06eb-4205-89a0-4f476dda9bfc', 'token_count': {'input_tokens': 102.0, 'output_tokens': 21.0}}, 'type': 'ai', 'id': 'run-0cb16a32-688f-4883-8f6c-2b3bc4c9b56f-0', 'tool_calls': [], 'invalid_tool_calls': []}}}]}"
65,✅,b1662d0c-bbff-47a8-ab4b-691610840480,b1662d0c-bbff-47a8-ab4b-691610840480,RunnableSequence,chain,12:14:05 04 07 2024,,26605,26605,0,0.26605,0.26605,0.0,{'input': ''},
66,✅,bb06fd2a-6a08-4e2c-9318-4b4a739a3c57,bb06fd2a-6a08-4e2c-9318-4b4a739a3c57,RunnableSequence,chain,12:14:05 04 07 2024,,26605,26605,0,0.26605,0.26605,0.0,{'input': ''},
67,✅,5bea1a77-3e83-4703-b005-d9c9cd988df2,5bea1a77-3e83-4703-b005-d9c9cd988df2,RunnableSequence,chain,12:14:05 04 07 2024,,26608,26608,0,,,,{'input': ''},
68,✅,5fd76046-d3bc-4543-a51c-b9ce52ed5995,5fd76046-d3bc-4543-a51c-b9ce52ed5995,ChatCohere,llm,12:14:00 04 07 2024,2.42s,60,44,16,,,,"{'messages': [{'lc': 1, 'type': 'constructor', 'id': ['langchain', 'schema', 'messages', 'HumanMessage'], 'kwargs': {'content': '\n    Rephrase the query to make it more precise and actionable\n   \n    Where can I find AMD EPYC GCC tool support\n \n    Output the reframed query in the following format:\n    Question:\n    ', 'type': 'human'}}]}","{'llm_output': None, 'run': None, 'generations': [{'text': 'Question: Where can I access AMD EPYC GCC tool support and resources online?', 'generation_info': {'documents': None, 'citations': None, 'search_results': None, 'search_queries': None, 'is_search_required': None, 'generation_id': '8dfc246c-124c-41a3-b9bd-de7a1abc71d8', 'token_count': {'input_tokens': 102.0, 'output_tokens': 16.0}}, 'type': 'ChatGeneration', 'message': {'lc': 1, 'type': 'constructor', 'id': ['langchain', 'schema', 'messages', 'AIMessage'], 'kwargs': {'content': 'Question: Where can I access AMD EPYC GCC tool support and resources online?', 'additional_kwargs': {'documents': None, 'citations': None, 'search_results': None, 'search_queries': None, 'is_search_required': None, 'generation_id': '8dfc246c-124c-41a3-b9bd-de7a1abc71d8', 'token_count': {'input_tokens': 102.0, 'output_tokens': 16.0}}, 'response_metadata': {'documents': None, 'citations': None, 'search_results': None, 'search_queries': None, 'is_search_required': None, 'generation_id': '8dfc246c-124c-41a3-b9bd-de7a1abc71d8', 'token_count': {'input_tokens': 102.0, 'output_tokens': 16.0}}, 'type': 'ai', 'id': 'run-5fd76046-d3bc-4543-a51c-b9ce52ed5995-0', 'tool_calls': [], 'invalid_tool_calls': []}}}]}"
69,✅,292fc5f7-88ce-4bb3-baf2-c67332fadc4f,292fc5f7-88ce-4bb3-baf2-c67332fadc4f,ChatCohere,llm,12:14:00 04 07 2024,2.52s,68,44,24,,,,"{'messages': [{'lc': 1, 'type': 'constructor', 'id': ['langchain', 'schema', 'messages', 'HumanMessage'], 'kwargs': {'content': '\n    Rephrase the query to make it more precise and actionable\n   \n    Where can I find AMD EPYC GCC tool support\n \n    Output the reframed query in the following format:\n    Question:\n    ', 'type': 'human'}}]}","{'llm_output': None, 'run': None, 'generations': [{'text': 'Question: Where can I find specific tool support for AMD EPYC processors within the GCC (GNU Compiler Collection) ecosystem?', 'generation_info': {'documents': None, 'citations': None, 'search_results': None, 'search_queries': None, 'is_search_required': None, 'generation_id': 'bee9d277-276f-49cb-9db7-a7791c9ba33f', 'token_count': {'input_tokens': 102.0, 'output_tokens': 24.0}}, 'type': 'ChatGeneration', 'message': {'lc': 1, 'type': 'constructor', 'id': ['langchain', 'schema', 'messages', 'AIMessage'], 'kwargs': {'content': 'Question: Where can I find specific tool support for AMD EPYC processors within the GCC (GNU Compiler Collection) ecosystem?', 'additional_kwargs': {'documents': None, 'citations': None, 'search_results': None, 'search_queries': None, 'is_search_required': None, 'generation_id': 'bee9d277-276f-49cb-9db7-a7791c9ba33f', 'token_count': {'input_tokens': 102.0, 'output_tokens': 24.0}}, 'response_metadata': {'documents': None, 'citations': None, 'search_results': None, 'search_queries': None, 'is_search_required': None, 'generation_id': 'bee9d277-276f-49cb-9db7-a7791c9ba33f', 'token_count': {'input_tokens': 102.0, 'output_tokens': 24.0}}, 'type': 'ai', 'id': 'run-292fc5f7-88ce-4bb3-baf2-c67332fadc4f-0', 'tool_calls': [], 'invalid_tool_calls': []}}}]}"
70,✅,6f4ebc2e-4cb8-4b74-a04e-c97dd0431743,6f4ebc2e-4cb8-4b74-a04e-c97dd0431743,ChatCohere,llm,12:14:00 04 07 2024,2.43s,60,44,16,,,,"{'messages': [{'lc': 1, 'type': 'constructor', 'id': ['langchain', 'schema', 'messages', 'HumanMessage'], 'kwargs': {'content': '\n    Rephrase the query to make it more precise and actionable\n   \n    Where can I find AMD EPYC GCC tool support\n \n    Output the reframed query in the following format:\n    Question:\n    ', 'type': 'human'}}]}","{'llm_output': None, 'run': None, 'generations': [{'text': 'Question: Where can I access AMD EPYC GCC tool support and resources online?', 'generation_info': {'documents': None, 'citations': None, 'search_results': None, 'search_queries': None, 'is_search_required': None, 'generation_id': 'c518e86b-ee7e-429f-9fb6-663bd88f6ecd', 'token_count': {'input_tokens': 102.0, 'output_tokens': 16.0}}, 'type': 'ChatGeneration', 'message': {'lc': 1, 'type': 'constructor', 'id': ['langchain', 'schema', 'messages', 'AIMessage'], 'kwargs': {'content': 'Question: Where can I access AMD EPYC GCC tool support and resources online?', 'additional_kwargs': {'documents': None, 'citations': None, 'search_results': None, 'search_queries': None, 'is_search_required': None, 'generation_id': 'c518e86b-ee7e-429f-9fb6-663bd88f6ecd', 'token_count': {'input_tokens': 102.0, 'output_tokens': 16.0}}, 'response_metadata': {'documents': None, 'citations': None, 'search_results': None, 'search_queries': None, 'is_search_required': None, 'generation_id': 'c518e86b-ee7e-429f-9fb6-663bd88f6ecd', 'token_count': {'input_tokens': 102.0, 'output_tokens': 16.0}}, 'type': 'ai', 'id': 'run-6f4ebc2e-4cb8-4b74-a04e-c97dd0431743-0', 'tool_calls': [], 'invalid_tool_calls': []}}}]}"
71,❗,9fbe67e4-9205-4a68-ba2f-8de03bb2a168,9fbe67e4-9205-4a68-ba2f-8de03bb2a168,RunnableSequence,chain,11:30:54 03 07 2024,7.41s,26610,26610,0,0.2661,0.2661,0.0,{'input': 'Question: How can I stay informed about the latest security patches and updates specifically for AMD EPYC processors?'},
72,❗,9d7660a2-0712-4144-b720-026e6eaa072a,9d7660a2-0712-4144-b720-026e6eaa072a,RunnableSequence,chain,11:30:53 03 07 2024,7.97s,26610,26610,0,0.2661,0.2661,0.0,{'input': 'Question: How can I stay informed about the latest security patches and updates specifically for AMD EPYC processors?'},
73,✅,7d9b1b97-2161-4a0b-8e99-b5639c1b0085,7d9b1b97-2161-4a0b-8e99-b5639c1b0085,RunnableSequence,chain,11:30:52 03 07 2024,8.11s,26621,26607,14,,,,{'input': 'Question: How can I stay informed about the latest security patches and updates specifically for the AMD EPYC processor architecture?'},"{'output': ""I'm sorry, but I don't know the answer to that.""}"
74,✅,867f66f9-33ba-44c2-87a7-37195d061175,867f66f9-33ba-44c2-87a7-37195d061175,ChatCohere,llm,11:30:50 03 07 2024,1.43s,65,44,21,,,,"{'messages': [{'lc': 1, 'type': 'constructor', 'id': ['langchain', 'schema', 'messages', 'HumanMessage'], 'kwargs': {'content': '\n    Rephrase the query to make it more precise and actionable\n   \n    Where to find latest AMD EPYC related security patches\n \n    Output the reframed query in the following format:\n    Question:\n    ', 'type': 'human'}}]}","{'llm_output': None, 'run': None, 'generations': [{'text': 'Question: How can I stay informed about the latest security patches and updates specifically for AMD EPYC processors?', 'generation_info': {'documents': None, 'citations': None, 'search_results': None, 'search_queries': None, 'is_search_required': None, 'generation_id': 'c54b6ac7-1e5e-40de-a62c-dafb77cee1a2', 'token_count': {'input_tokens': 102.0, 'output_tokens': 21.0}}, 'type': 'ChatGeneration', 'message': {'lc': 1, 'type': 'constructor', 'id': ['langchain', 'schema', 'messages', 'AIMessage'], 'kwargs': {'content': 'Question: How can I stay informed about the latest security patches and updates specifically for AMD EPYC processors?', 'additional_kwargs': {'documents': None, 'citations': None, 'search_results': None, 'search_queries': None, 'is_search_required': None, 'generation_id': 'c54b6ac7-1e5e-40de-a62c-dafb77cee1a2', 'token_count': {'input_tokens': 102.0, 'output_tokens': 21.0}}, 'response_metadata': {'documents': None, 'citations': None, 'search_results': None, 'search_queries': None, 'is_search_required': None, 'generation_id': 'c54b6ac7-1e5e-40de-a62c-dafb77cee1a2', 'token_count': {'input_tokens': 102.0, 'output_tokens': 21.0}}, 'type': 'ai', 'id': 'run-867f66f9-33ba-44c2-87a7-37195d061175-0', 'tool_calls': [], 'invalid_tool_calls': []}}}]}"
75,✅,25717e97-4bc3-4c54-a766-132a319af0b1,25717e97-4bc3-4c54-a766-132a319af0b1,ChatCohere,llm,11:30:50 03 07 2024,2.99s,65,44,21,,,,"{'messages': [{'lc': 1, 'type': 'constructor', 'id': ['langchain', 'schema', 'messages', 'HumanMessage'], 'kwargs': {'content': '\n    Rephrase the query to make it more precise and actionable\n   \n    Where to find latest AMD EPYC related security patches\n \n    Output the reframed query in the following format:\n    Question:\n    ', 'type': 'human'}}]}","{'llm_output': None, 'run': None, 'generations': [{'text': 'Question: How can I stay informed about the latest security patches and updates specifically for AMD EPYC processors?', 'generation_info': {'documents': None, 'citations': None, 'search_results': None, 'search_queries': None, 'is_search_required': None, 'generation_id': 'c5ccc0a6-0c32-4b20-9d18-6f922973e9c6', 'token_count': {'input_tokens': 102.0, 'output_tokens': 21.0}}, 'type': 'ChatGeneration', 'message': {'lc': 1, 'type': 'constructor', 'id': ['langchain', 'schema', 'messages', 'AIMessage'], 'kwargs': {'content': 'Question: How can I stay informed about the latest security patches and updates specifically for AMD EPYC processors?', 'additional_kwargs': {'documents': None, 'citations': None, 'search_results': None, 'search_queries': None, 'is_search_required': None, 'generation_id': 'c5ccc0a6-0c32-4b20-9d18-6f922973e9c6', 'token_count': {'input_tokens': 102.0, 'output_tokens': 21.0}}, 'response_metadata': {'documents': None, 'citations': None, 'search_results': None, 'search_queries': None, 'is_search_required': None, 'generation_id': 'c5ccc0a6-0c32-4b20-9d18-6f922973e9c6', 'token_count': {'input_tokens': 102.0, 'output_tokens': 21.0}}, 'type': 'ai', 'id': 'run-25717e97-4bc3-4c54-a766-132a319af0b1-0', 'tool_calls': [], 'invalid_tool_calls': []}}}]}"
76,✅,ead3603b-63db-4d49-a44c-aefb8d669652,ead3603b-63db-4d49-a44c-aefb8d669652,ChatCohere,llm,11:30:50 03 07 2024,0.97s,67,44,23,,,,"{'messages': [{'lc': 1, 'type': 'constructor', 'id': ['langchain', 'schema', 'messages', 'HumanMessage'], 'kwargs': {'content': '\n    Rephrase the query to make it more precise and actionable\n   \n    Where to find latest AMD EPYC related security patches\n \n    Output the reframed query in the following format:\n    Question:\n    ', 'type': 'human'}}]}","{'llm_output': None, 'run': None, 'generations': [{'text': 'Question: How can I stay informed about the latest security patches and updates specifically for the AMD EPYC processor architecture?', 'generation_info': {'documents': None, 'citations': None, 'search_results': None, 'search_queries': None, 'is_search_required': None, 'generation_id': '8c277a6b-13eb-4c19-99e4-fa99462a1117', 'token_count': {'input_tokens': 102.0, 'output_tokens': 23.0}}, 'type': 'ChatGeneration', 'message': {'lc': 1, 'type': 'constructor', 'id': ['langchain', 'schema', 'messages', 'AIMessage'], 'kwargs': {'content': 'Question: How can I stay informed about the latest security patches and updates specifically for the AMD EPYC processor architecture?', 'additional_kwargs': {'documents': None, 'citations': None, 'search_results': None, 'search_queries': None, 'is_search_required': None, 'generation_id': '8c277a6b-13eb-4c19-99e4-fa99462a1117', 'token_count': {'input_tokens': 102.0, 'output_tokens': 23.0}}, 'response_metadata': {'documents': None, 'citations': None, 'search_results': None, 'search_queries': None, 'is_search_required': None, 'generation_id': '8c277a6b-13eb-4c19-99e4-fa99462a1117', 'token_count': {'input_tokens': 102.0, 'output_tokens': 23.0}}, 'type': 'ai', 'id': 'run-ead3603b-63db-4d49-a44c-aefb8d669652-0', 'tool_calls': [], 'invalid_tool_calls': []}}}]}"
77,❗,bdd8b096-e793-4174-abdf-6a9bf615533e,bdd8b096-e793-4174-abdf-6a9bf615533e,RunnableSequence,chain,11:26:28 03 07 2024,7.75s,26601,26601,0,0.26601,0.26601,0.0,{'input': 'Question: Who is the current CEO of Infobell?'},
78,❗,a7cf7e7b-ab53-4b79-a0d5-40a7be86fd7e,a7cf7e7b-ab53-4b79-a0d5-40a7be86fd7e,RunnableSequence,chain,11:26:28 03 07 2024,8.16s,26601,26601,0,0.26601,0.26601,0.0,{'input': 'Question: Who is the current CEO of Infobell?'},
79,✅,6d4c455b-1a5a-4298-827f-978c5bc05d3d,6d4c455b-1a5a-4298-827f-978c5bc05d3d,RunnableSequence,chain,11:26:28 03 07 2024,8.41s,26609,26596,13,,,,{'input': 'Question: Who is the current CEO of Infobell?'},{'output': 'The current CEO of Infobell is Ramana Bandili.'}
80,✅,59ce61e3-db07-472d-ab54-289139b9a206,59ce61e3-db07-472d-ab54-289139b9a206,ChatCohere,llm,11:26:26 03 07 2024,0.75s,54,42,12,,,,"{'messages': [{'lc': 1, 'type': 'constructor', 'id': ['langchain', 'schema', 'messages', 'HumanMessage'], 'kwargs': {'content': '\n    Rephrase the query to make it more precise and actionable\n   \n    who is ceo of infobell\n \n    Output the reframed query in the following format:\n    Question:\n    ', 'type': 'human'}}]}","{'llm_output': None, 'run': None, 'generations': [{'text': 'Question: Who is the current CEO of Infobell?', 'generation_info': {'documents': None, 'citations': None, 'search_results': None, 'search_queries': None, 'is_search_required': None, 'generation_id': '1352467d-eb19-4c88-a41e-52000a60bf93', 'token_count': {'input_tokens': 100.0, 'output_tokens': 12.0}}, 'type': 'ChatGeneration', 'message': {'lc': 1, 'type': 'constructor', 'id': ['langchain', 'schema', 'messages', 'AIMessage'], 'kwargs': {'content': 'Question: Who is the current CEO of Infobell?', 'additional_kwargs': {'documents': None, 'citations': None, 'search_results': None, 'search_queries': None, 'is_search_required': None, 'generation_id': '1352467d-eb19-4c88-a41e-52000a60bf93', 'token_count': {'input_tokens': 100.0, 'output_tokens': 12.0}}, 'response_metadata': {'documents': None, 'citations': None, 'search_results': None, 'search_queries': None, 'is_search_required': None, 'generation_id': '1352467d-eb19-4c88-a41e-52000a60bf93', 'token_count': {'input_tokens': 100.0, 'output_tokens': 12.0}}, 'type': 'ai', 'id': 'run-59ce61e3-db07-472d-ab54-289139b9a206-0', 'tool_calls': [], 'invalid_tool_calls': []}}}]}"
81,✅,53c912d2-53c8-4835-a785-c924aba5d8d2,53c912d2-53c8-4835-a785-c924aba5d8d2,ChatCohere,llm,11:26:26 03 07 2024,0.73s,54,42,12,,,,"{'messages': [{'lc': 1, 'type': 'constructor', 'id': ['langchain', 'schema', 'messages', 'HumanMessage'], 'kwargs': {'content': '\n    Rephrase the query to make it more precise and actionable\n   \n    who is ceo of infobell\n \n    Output the reframed query in the following format:\n    Question:\n    ', 'type': 'human'}}]}","{'llm_output': None, 'run': None, 'generations': [{'text': 'Question: Who is the current CEO of Infobell?', 'generation_info': {'documents': None, 'citations': None, 'search_results': None, 'search_queries': None, 'is_search_required': None, 'generation_id': 'e6485dcd-583e-4e1d-bb79-19d21b82d5da', 'token_count': {'input_tokens': 100.0, 'output_tokens': 12.0}}, 'type': 'ChatGeneration', 'message': {'lc': 1, 'type': 'constructor', 'id': ['langchain', 'schema', 'messages', 'AIMessage'], 'kwargs': {'content': 'Question: Who is the current CEO of Infobell?', 'additional_kwargs': {'documents': None, 'citations': None, 'search_results': None, 'search_queries': None, 'is_search_required': None, 'generation_id': 'e6485dcd-583e-4e1d-bb79-19d21b82d5da', 'token_count': {'input_tokens': 100.0, 'output_tokens': 12.0}}, 'response_metadata': {'documents': None, 'citations': None, 'search_results': None, 'search_queries': None, 'is_search_required': None, 'generation_id': 'e6485dcd-583e-4e1d-bb79-19d21b82d5da', 'token_count': {'input_tokens': 100.0, 'output_tokens': 12.0}}, 'type': 'ai', 'id': 'run-53c912d2-53c8-4835-a785-c924aba5d8d2-0', 'tool_calls': [], 'invalid_tool_calls': []}}}]}"
82,✅,9a2e0464-f511-4d4f-b079-2ec11859eed1,9a2e0464-f511-4d4f-b079-2ec11859eed1,ChatCohere,llm,11:26:26 03 07 2024,0.68s,54,42,12,,,,"{'messages': [{'lc': 1, 'type': 'constructor', 'id': ['langchain', 'schema', 'messages', 'HumanMessage'], 'kwargs': {'content': '\n    Rephrase the query to make it more precise and actionable\n   \n    who is ceo of infobell\n \n    Output the reframed query in the following format:\n    Question:\n    ', 'type': 'human'}}]}","{'llm_output': None, 'run': None, 'generations': [{'text': 'Question: Who is the current CEO of Infobell?', 'generation_info': {'documents': None, 'citations': None, 'search_results': None, 'search_queries': None, 'is_search_required': None, 'generation_id': '1dcc9d69-8d7f-4954-afda-fd8cd2fc8f71', 'token_count': {'input_tokens': 100.0, 'output_tokens': 12.0}}, 'type': 'ChatGeneration', 'message': {'lc': 1, 'type': 'constructor', 'id': ['langchain', 'schema', 'messages', 'AIMessage'], 'kwargs': {'content': 'Question: Who is the current CEO of Infobell?', 'additional_kwargs': {'documents': None, 'citations': None, 'search_results': None, 'search_queries': None, 'is_search_required': None, 'generation_id': '1dcc9d69-8d7f-4954-afda-fd8cd2fc8f71', 'token_count': {'input_tokens': 100.0, 'output_tokens': 12.0}}, 'response_metadata': {'documents': None, 'citations': None, 'search_results': None, 'search_queries': None, 'is_search_required': None, 'generation_id': '1dcc9d69-8d7f-4954-afda-fd8cd2fc8f71', 'token_count': {'input_tokens': 100.0, 'output_tokens': 12.0}}, 'type': 'ai', 'id': 'run-9a2e0464-f511-4d4f-b079-2ec11859eed1-0', 'tool_calls': [], 'invalid_tool_calls': []}}}]}"
83,✅,9f5ab2cc-418c-47b9-a66c-556860e53836,9f5ab2cc-418c-47b9-a66c-556860e53836,RunnableSequence,chain,11:25:59 03 07 2024,7.91s,26605,26600,5,,,,{'input': 'Question: Which AMD EPYC processor model currently offers the highest base clock speed?'},"{'output': ""I don't know.""}"
84,❗,d53f443d-d48d-4db8-a4f7-487a98ea13da,d53f443d-d48d-4db8-a4f7-487a98ea13da,RunnableSequence,chain,11:25:59 03 07 2024,7.87s,26605,26605,0,0.26605,0.26605,0.0,{'input': 'Question: Which AMD EPYC processor model currently offers the highest base clock speed?'},
85,❗,73f8bf23-5d56-45ff-b0fc-2d81ffb40ea7,73f8bf23-5d56-45ff-b0fc-2d81ffb40ea7,RunnableSequence,chain,11:25:59 03 07 2024,7.99s,26605,26605,0,0.26605,0.26605,0.0,{'input': 'Question: Which AMD EPYC processor model currently offers the highest base clock speed?'},
86,✅,c97fcd6f-0049-4c2d-bab0-27c2e8b54982,c97fcd6f-0049-4c2d-bab0-27c2e8b54982,ChatCohere,llm,11:25:57 03 07 2024,0.83s,58,42,16,,,,"{'messages': [{'lc': 1, 'type': 'constructor', 'id': ['langchain', 'schema', 'messages', 'HumanMessage'], 'kwargs': {'content': '\n    Rephrase the query to make it more precise and actionable\n   \n    Which AMD EPYC has highest frequency?\n \n    Output the reframed query in the following format:\n    Question:\n    ', 'type': 'human'}}]}","{'llm_output': None, 'run': None, 'generations': [{'text': 'Question: Which AMD EPYC processor model currently offers the highest base clock speed?', 'generation_info': {'documents': None, 'citations': None, 'search_results': None, 'search_queries': None, 'is_search_required': None, 'generation_id': '8eba6295-0f79-4814-831c-e5eaed38d20b', 'token_count': {'input_tokens': 100.0, 'output_tokens': 16.0}}, 'type': 'ChatGeneration', 'message': {'lc': 1, 'type': 'constructor', 'id': ['langchain', 'schema', 'messages', 'AIMessage'], 'kwargs': {'content': 'Question: Which AMD EPYC processor model currently offers the highest base clock speed?', 'additional_kwargs': {'documents': None, 'citations': None, 'search_results': None, 'search_queries': None, 'is_search_required': None, 'generation_id': '8eba6295-0f79-4814-831c-e5eaed38d20b', 'token_count': {'input_tokens': 100.0, 'output_tokens': 16.0}}, 'response_metadata': {'documents': None, 'citations': None, 'search_results': None, 'search_queries': None, 'is_search_required': None, 'generation_id': '8eba6295-0f79-4814-831c-e5eaed38d20b', 'token_count': {'input_tokens': 100.0, 'output_tokens': 16.0}}, 'type': 'ai', 'id': 'run-c97fcd6f-0049-4c2d-bab0-27c2e8b54982-0', 'tool_calls': [], 'invalid_tool_calls': []}}}]}"
87,✅,e812462a-256d-49da-ba4d-35d19fabb3ae,e812462a-256d-49da-ba4d-35d19fabb3ae,ChatCohere,llm,11:25:57 03 07 2024,0.81s,58,42,16,,,,"{'messages': [{'lc': 1, 'type': 'constructor', 'id': ['langchain', 'schema', 'messages', 'HumanMessage'], 'kwargs': {'content': '\n    Rephrase the query to make it more precise and actionable\n   \n    Which AMD EPYC has highest frequency?\n \n    Output the reframed query in the following format:\n    Question:\n    ', 'type': 'human'}}]}","{'llm_output': None, 'run': None, 'generations': [{'text': 'Question: Which AMD EPYC processor model currently offers the highest base clock speed?', 'generation_info': {'documents': None, 'citations': None, 'search_results': None, 'search_queries': None, 'is_search_required': None, 'generation_id': '85e7a4dd-c5fd-4687-88eb-f868bdacd0c9', 'token_count': {'input_tokens': 100.0, 'output_tokens': 16.0}}, 'type': 'ChatGeneration', 'message': {'lc': 1, 'type': 'constructor', 'id': ['langchain', 'schema', 'messages', 'AIMessage'], 'kwargs': {'content': 'Question: Which AMD EPYC processor model currently offers the highest base clock speed?', 'additional_kwargs': {'documents': None, 'citations': None, 'search_results': None, 'search_queries': None, 'is_search_required': None, 'generation_id': '85e7a4dd-c5fd-4687-88eb-f868bdacd0c9', 'token_count': {'input_tokens': 100.0, 'output_tokens': 16.0}}, 'response_metadata': {'documents': None, 'citations': None, 'search_results': None, 'search_queries': None, 'is_search_required': None, 'generation_id': '85e7a4dd-c5fd-4687-88eb-f868bdacd0c9', 'token_count': {'input_tokens': 100.0, 'output_tokens': 16.0}}, 'type': 'ai', 'id': 'run-e812462a-256d-49da-ba4d-35d19fabb3ae-0', 'tool_calls': [], 'invalid_tool_calls': []}}}]}"
88,✅,6765ef49-71f2-4f8f-a94c-7df68068b13a,6765ef49-71f2-4f8f-a94c-7df68068b13a,ChatCohere,llm,11:25:57 03 07 2024,0.75s,58,42,16,,,,"{'messages': [{'lc': 1, 'type': 'constructor', 'id': ['langchain', 'schema', 'messages', 'HumanMessage'], 'kwargs': {'content': '\n    Rephrase the query to make it more precise and actionable\n   \n    Which AMD EPYC has highest frequency?\n \n    Output the reframed query in the following format:\n    Question:\n    ', 'type': 'human'}}]}","{'llm_output': None, 'run': None, 'generations': [{'text': 'Question: Which AMD EPYC processor model currently offers the highest base clock speed?', 'generation_info': {'documents': None, 'citations': None, 'search_results': None, 'search_queries': None, 'is_search_required': None, 'generation_id': '599f4d78-af20-4523-b7ca-895d06404193', 'token_count': {'input_tokens': 100.0, 'output_tokens': 16.0}}, 'type': 'ChatGeneration', 'message': {'lc': 1, 'type': 'constructor', 'id': ['langchain', 'schema', 'messages', 'AIMessage'], 'kwargs': {'content': 'Question: Which AMD EPYC processor model currently offers the highest base clock speed?', 'additional_kwargs': {'documents': None, 'citations': None, 'search_results': None, 'search_queries': None, 'is_search_required': None, 'generation_id': '599f4d78-af20-4523-b7ca-895d06404193', 'token_count': {'input_tokens': 100.0, 'output_tokens': 16.0}}, 'response_metadata': {'documents': None, 'citations': None, 'search_results': None, 'search_queries': None, 'is_search_required': None, 'generation_id': '599f4d78-af20-4523-b7ca-895d06404193', 'token_count': {'input_tokens': 100.0, 'output_tokens': 16.0}}, 'type': 'ai', 'id': 'run-6765ef49-71f2-4f8f-a94c-7df68068b13a-0', 'tool_calls': [], 'invalid_tool_calls': []}}}]}"
89,✅,287e3d24-077a-4850-ad55-e5be93155b26,287e3d24-077a-4850-ad55-e5be93155b26,RunnableSequence,chain,11:25:06 03 07 2024,9.86s,26611,26606,5,,,,{'input': 'Question: What are the key features and performance metrics of the AMD Instinct™ MI300 Series Accelerators?'},"{'output': ""I don't know.""}"
90,❗,807a479a-24d6-4e29-b531-41d0d51a543a,807a479a-24d6-4e29-b531-41d0d51a543a,RunnableSequence,chain,11:25:06 03 07 2024,10.0s,26611,26611,0,0.26611,0.26611,0.0,{'input': 'Question: What are the key features and performance metrics of the AMD Instinct™ MI300 Series Accelerators?'},
91,❗,f03b703e-c764-4145-b658-cacfe89b2ae6,f03b703e-c764-4145-b658-cacfe89b2ae6,RunnableSequence,chain,11:25:06 03 07 2024,10.41s,26611,26611,0,0.26611,0.26611,0.0,{'input': 'Question: What are the key features and performance metrics of the AMD Instinct™ MI300 Series Accelerators?'},
92,✅,e45ca1d6-18c0-4544-ba22-3e51723d6eb0,e45ca1d6-18c0-4544-ba22-3e51723d6eb0,ChatCohere,llm,11:25:00 03 07 2024,1.05s,68,46,22,,,,"{'messages': [{'lc': 1, 'type': 'constructor', 'id': ['langchain', 'schema', 'messages', 'HumanMessage'], 'kwargs': {'content': '\n    Rephrase the query to make it more precise and actionable\n   \n    Tell me about AMD Instinct™ MI300 Series Accelerators\n \n    Output the reframed query in the following format:\n    Question:\n    ', 'type': 'human'}}]}","{'llm_output': None, 'run': None, 'generations': [{'text': 'Question: What are the key features and performance metrics of the AMD Instinct™ MI300 Series Accelerators?', 'generation_info': {'documents': None, 'citations': None, 'search_results': None, 'search_queries': None, 'is_search_required': None, 'generation_id': '21a9d7d1-7fc8-4885-a6d9-56f42893fc4e', 'token_count': {'input_tokens': 105.0, 'output_tokens': 23.0}}, 'type': 'ChatGeneration', 'message': {'lc': 1, 'type': 'constructor', 'id': ['langchain', 'schema', 'messages', 'AIMessage'], 'kwargs': {'content': 'Question: What are the key features and performance metrics of the AMD Instinct™ MI300 Series Accelerators?', 'additional_kwargs': {'documents': None, 'citations': None, 'search_results': None, 'search_queries': None, 'is_search_required': None, 'generation_id': '21a9d7d1-7fc8-4885-a6d9-56f42893fc4e', 'token_count': {'input_tokens': 105.0, 'output_tokens': 23.0}}, 'response_metadata': {'documents': None, 'citations': None, 'search_results': None, 'search_queries': None, 'is_search_required': None, 'generation_id': '21a9d7d1-7fc8-4885-a6d9-56f42893fc4e', 'token_count': {'input_tokens': 105.0, 'output_tokens': 23.0}}, 'type': 'ai', 'id': 'run-e45ca1d6-18c0-4544-ba22-3e51723d6eb0-0', 'tool_calls': [], 'invalid_tool_calls': []}}}]}"
93,✅,8adcf60e-6122-4d34-8c67-f8a18481148b,8adcf60e-6122-4d34-8c67-f8a18481148b,ChatCohere,llm,11:25:00 03 07 2024,1.03s,68,46,22,,,,"{'messages': [{'lc': 1, 'type': 'constructor', 'id': ['langchain', 'schema', 'messages', 'HumanMessage'], 'kwargs': {'content': '\n    Rephrase the query to make it more precise and actionable\n   \n    Tell me about AMD Instinct™ MI300 Series Accelerators\n \n    Output the reframed query in the following format:\n    Question:\n    ', 'type': 'human'}}]}","{'llm_output': None, 'run': None, 'generations': [{'text': 'Question: What are the key features and performance metrics of the AMD Instinct™ MI300 Series Accelerators?', 'generation_info': {'documents': None, 'citations': None, 'search_results': None, 'search_queries': None, 'is_search_required': None, 'generation_id': '385bffa1-d30d-4db6-a4c7-c3a297ed7310', 'token_count': {'input_tokens': 105.0, 'output_tokens': 23.0}}, 'type': 'ChatGeneration', 'message': {'lc': 1, 'type': 'constructor', 'id': ['langchain', 'schema', 'messages', 'AIMessage'], 'kwargs': {'content': 'Question: What are the key features and performance metrics of the AMD Instinct™ MI300 Series Accelerators?', 'additional_kwargs': {'documents': None, 'citations': None, 'search_results': None, 'search_queries': None, 'is_search_required': None, 'generation_id': '385bffa1-d30d-4db6-a4c7-c3a297ed7310', 'token_count': {'input_tokens': 105.0, 'output_tokens': 23.0}}, 'response_metadata': {'documents': None, 'citations': None, 'search_results': None, 'search_queries': None, 'is_search_required': None, 'generation_id': '385bffa1-d30d-4db6-a4c7-c3a297ed7310', 'token_count': {'input_tokens': 105.0, 'output_tokens': 23.0}}, 'type': 'ai', 'id': 'run-8adcf60e-6122-4d34-8c67-f8a18481148b-0', 'tool_calls': [], 'invalid_tool_calls': []}}}]}"
94,✅,c88bf7e9-9276-4cf1-bd15-63e7c1987566,c88bf7e9-9276-4cf1-bd15-63e7c1987566,ChatCohere,llm,11:25:00 03 07 2024,1.36s,68,46,22,,,,"{'messages': [{'lc': 1, 'type': 'constructor', 'id': ['langchain', 'schema', 'messages', 'HumanMessage'], 'kwargs': {'content': '\n    Rephrase the query to make it more precise and actionable\n   \n    Tell me about AMD Instinct™ MI300 Series Accelerators\n \n    Output the reframed query in the following format:\n    Question:\n    ', 'type': 'human'}}]}","{'llm_output': None, 'run': None, 'generations': [{'text': 'Question: What are the key features and performance metrics of the AMD Instinct™ MI300 Series Accelerators?', 'generation_info': {'documents': None, 'citations': None, 'search_results': None, 'search_queries': None, 'is_search_required': None, 'generation_id': '1d3acc2f-b5a5-4a9c-af83-61142a85c4b0', 'token_count': {'input_tokens': 105.0, 'output_tokens': 23.0}}, 'type': 'ChatGeneration', 'message': {'lc': 1, 'type': 'constructor', 'id': ['langchain', 'schema', 'messages', 'AIMessage'], 'kwargs': {'content': 'Question: What are the key features and performance metrics of the AMD Instinct™ MI300 Series Accelerators?', 'additional_kwargs': {'documents': None, 'citations': None, 'search_results': None, 'search_queries': None, 'is_search_required': None, 'generation_id': '1d3acc2f-b5a5-4a9c-af83-61142a85c4b0', 'token_count': {'input_tokens': 105.0, 'output_tokens': 23.0}}, 'response_metadata': {'documents': None, 'citations': None, 'search_results': None, 'search_queries': None, 'is_search_required': None, 'generation_id': '1d3acc2f-b5a5-4a9c-af83-61142a85c4b0', 'token_count': {'input_tokens': 105.0, 'output_tokens': 23.0}}, 'type': 'ai', 'id': 'run-c88bf7e9-9276-4cf1-bd15-63e7c1987566-0', 'tool_calls': [], 'invalid_tool_calls': []}}}]}"
95,✅,88c0acd2-a02e-41e6-bdcf-5fde63c597c1,88c0acd2-a02e-41e6-bdcf-5fde63c597c1,RunnableSequence,chain,11:24:38 03 07 2024,,26602,26602,0,,,,{'input': ''},
96,✅,4de7f7f9-62fe-4980-ad14-8b47c8ca2668,4de7f7f9-62fe-4980-ad14-8b47c8ca2668,RunnableSequence,chain,11:24:38 03 07 2024,,26607,26607,0,0.26607,0.26607,0.0,{'input': ''},
97,❗,0ad00119-c36e-4596-8252-1020c2aa992e,0ad00119-c36e-4596-8252-1020c2aa992e,RunnableSequence,chain,11:24:38 03 07 2024,9.64s,26607,26607,0,0.26607,0.26607,0.0,{'input': 'Question: What are the specifications of the latest 4th Generation AMD EPYC processors?'},
98,✅,b7b7c15b-1a73-44d9-8368-41c5fc74db7f,b7b7c15b-1a73-44d9-8368-41c5fc74db7f,ChatCohere,llm,11:24:34 03 07 2024,1.58s,63,45,18,,,,"{'messages': [{'lc': 1, 'type': 'constructor', 'id': ['langchain', 'schema', 'messages', 'HumanMessage'], 'kwargs': {'content': '\n    Rephrase the query to make it more precise and actionable\n   \n    What is specification for latest 4th Gen EPYC\n \n    Output the reframed query in the following format:\n    Question:\n    ', 'type': 'human'}}]}","{'llm_output': None, 'run': None, 'generations': [{'text': 'Question: What are the specifications of the latest 4th Generation AMD EPYC processors?', 'generation_info': {'documents': None, 'citations': None, 'search_results': None, 'search_queries': None, 'is_search_required': None, 'generation_id': '46c54449-cd3d-4f80-9bd9-bc4de1131b30', 'token_count': {'input_tokens': 103.0, 'output_tokens': 18.0}}, 'type': 'ChatGeneration', 'message': {'lc': 1, 'type': 'constructor', 'id': ['langchain', 'schema', 'messages', 'AIMessage'], 'kwargs': {'content': 'Question: What are the specifications of the latest 4th Generation AMD EPYC processors?', 'additional_kwargs': {'documents': None, 'citations': None, 'search_results': None, 'search_queries': None, 'is_search_required': None, 'generation_id': '46c54449-cd3d-4f80-9bd9-bc4de1131b30', 'token_count': {'input_tokens': 103.0, 'output_tokens': 18.0}}, 'response_metadata': {'documents': None, 'citations': None, 'search_results': None, 'search_queries': None, 'is_search_required': None, 'generation_id': '46c54449-cd3d-4f80-9bd9-bc4de1131b30', 'token_count': {'input_tokens': 103.0, 'output_tokens': 18.0}}, 'type': 'ai', 'id': 'run-b7b7c15b-1a73-44d9-8368-41c5fc74db7f-0', 'tool_calls': [], 'invalid_tool_calls': []}}}]}"
99,✅,8b089ce8-7ae2-4a90-a44d-d19e647fd245,8b089ce8-7ae2-4a90-a44d-d19e647fd245,ChatCohere,llm,11:24:34 03 07 2024,1.64s,63,45,18,,,,"{'messages': [{'lc': 1, 'type': 'constructor', 'id': ['langchain', 'schema', 'messages', 'HumanMessage'], 'kwargs': {'content': '\n    Rephrase the query to make it more precise and actionable\n   \n    What is specification for latest 4th Gen EPYC\n \n    Output the reframed query in the following format:\n    Question:\n    ', 'type': 'human'}}]}","{'llm_output': None, 'run': None, 'generations': [{'text': 'Question: What are the specifications of the latest 4th Generation AMD EPYC processors?', 'generation_info': {'documents': None, 'citations': None, 'search_results': None, 'search_queries': None, 'is_search_required': None, 'generation_id': '7104a1ba-2c7b-441d-8579-9728c6ee0197', 'token_count': {'input_tokens': 103.0, 'output_tokens': 18.0}}, 'type': 'ChatGeneration', 'message': {'lc': 1, 'type': 'constructor', 'id': ['langchain', 'schema', 'messages', 'AIMessage'], 'kwargs': {'content': 'Question: What are the specifications of the latest 4th Generation AMD EPYC processors?', 'additional_kwargs': {'documents': None, 'citations': None, 'search_results': None, 'search_queries': None, 'is_search_required': None, 'generation_id': '7104a1ba-2c7b-441d-8579-9728c6ee0197', 'token_count': {'input_tokens': 103.0, 'output_tokens': 18.0}}, 'response_metadata': {'documents': None, 'citations': None, 'search_results': None, 'search_queries': None, 'is_search_required': None, 'generation_id': '7104a1ba-2c7b-441d-8579-9728c6ee0197', 'token_count': {'input_tokens': 103.0, 'output_tokens': 18.0}}, 'type': 'ai', 'id': 'run-8b089ce8-7ae2-4a90-a44d-d19e647fd245-0', 'tool_calls': [], 'invalid_tool_calls': []}}}]}"
100,✅,07ad8a5a-08ef-4c29-832b-73dfdbcd1c52,07ad8a5a-08ef-4c29-832b-73dfdbcd1c52,ChatCohere,llm,11:24:34 03 07 2024,1.61s,63,45,18,,,,"{'messages': [{'lc': 1, 'type': 'constructor', 'id': ['langchain', 'schema', 'messages', 'HumanMessage'], 'kwargs': {'content': '\n    Rephrase the query to make it more precise and actionable\n   \n    What is specification for latest 4th Gen EPYC\n \n    Output the reframed query in the following format:\n    Question:\n    ', 'type': 'human'}}]}","{'llm_output': None, 'run': None, 'generations': [{'text': 'Question: What are the specifications of the latest 4th Generation AMD EPYC processors?', 'generation_info': {'documents': None, 'citations': None, 'search_results': None, 'search_queries': None, 'is_search_required': None, 'generation_id': 'e7421311-1d1d-428b-823a-90216ac35a1d', 'token_count': {'input_tokens': 103.0, 'output_tokens': 18.0}}, 'type': 'ChatGeneration', 'message': {'lc': 1, 'type': 'constructor', 'id': ['langchain', 'schema', 'messages', 'AIMessage'], 'kwargs': {'content': 'Question: What are the specifications of the latest 4th Generation AMD EPYC processors?', 'additional_kwargs': {'documents': None, 'citations': None, 'search_results': None, 'search_queries': None, 'is_search_required': None, 'generation_id': 'e7421311-1d1d-428b-823a-90216ac35a1d', 'token_count': {'input_tokens': 103.0, 'output_tokens': 18.0}}, 'response_metadata': {'documents': None, 'citations': None, 'search_results': None, 'search_queries': None, 'is_search_required': None, 'generation_id': 'e7421311-1d1d-428b-823a-90216ac35a1d', 'token_count': {'input_tokens': 103.0, 'output_tokens': 18.0}}, 'type': 'ai', 'id': 'run-07ad8a5a-08ef-4c29-832b-73dfdbcd1c52-0', 'tool_calls': [], 'invalid_tool_calls': []}}}]}"
101,❗,7b911884-e285-4624-9f4f-21533de03c37,7b911884-e285-4624-9f4f-21533de03c37,KickoffCrew,chain,15:35:55 02 07 2024,3.51s,0,0,0,,,,{},{'output': None}
102,❗,15a883ae-91ee-4cf2-ba91-d30c4f322d1e,15a883ae-91ee-4cf2-ba91-d30c4f322d1e,KickoffCrew,chain,15:31:29 02 07 2024,3.29s,0,0,0,,,,{},{'output': None}
103,❗,1fc4e00d-a561-4848-8f37-f01973f1e759,1fc4e00d-a561-4848-8f37-f01973f1e759,KickoffCrew,chain,15:23:54 02 07 2024,3.31s,0,0,0,,,,{},{'output': None}
